[{"code":"AO-BGO","name":"Bengo","type":"Province"},{"code":"AO-BGU","name":"Benguela","type":"Province"},{"code":"AO-BIE","name":"Bi\u00e9","type":"Province"},{"code":"AO-CAB","name":"Cabinda","type":"Province"},{"code":"AO-CCU","name":"Cuando-Cubango","type":"Province"},{"code":"AO-CNN","name":"Cunene","type":"Province"},{"code":"AO-CNO","name":"Cuanza Norte","type":"Province"},{"code":"AO-CUS","name":"Cuanza Sul","type":"Province"},{"code":"AO-HUA","name":"Huambo","type":"Province"},{"code":"AO-HUI","name":"Hu\u00edla","type":"Province"},{"code":"AO-LNO","name":"Lunda Norte","type":"Province"},{"code":"AO-LSU","name":"Lunda Sul","type":"Province"},{"code":"AO-LUA","name":"Luanda","type":"Province"},{"code":"AO-MAL","name":"Malange","type":"Province"},{"code":"AO-MOX","name":"Moxico","type":"Province"},{"code":"AO-NAM","name":"Namibe","type":"Province"},{"code":"AO-UIG","name":"U\u00edge","type":"Province"},{"code":"AO-ZAI","name":"Zaire","type":"Province"}]