[{"code":"BE-BRU","name":"Bruxelles-Capitale, R\u00e9gion de;Brussels Hoofdstedelijk Gewest","type":"Region"},{"code":"BE-VAN","name":"Antwerpen","type":"Province"},{"code":"BE-VBR","name":"Vlaams-Brabant","type":"Province"},{"code":"BE-VLG","name":"Vlaams Gewest","type":"Region"},{"code":"BE-VLI","name":"Limburg","type":"Province"},{"code":"BE-VOV","name":"Oost-Vlaanderen","type":"Province"},{"code":"BE-VWV","name":"West-Vlaanderen","type":"Province"},{"code":"BE-WAL","name":"wallonne, R\u00e9gion","type":"Region"},{"code":"BE-WBR","name":"Brabant wallon","type":"Province"},{"code":"BE-WHT","name":"Hainaut","type":"Province"},{"code":"BE-WLG","name":"Li\u00e8ge","type":"Province"},{"code":"BE-WLX","name":"Luxembourg","type":"Province"},{"code":"BE-WNA","name":"Namur","type":"Province"}]