[{"code":"BF-01","name":"Boucle du Mouhoun","type":"Region"},{"code":"BF-02","name":"Cascades","type":"Region"},{"code":"BF-03","name":"Centre","type":"Region"},{"code":"BF-04","name":"Centre-Est","type":"Region"},{"code":"BF-05","name":"Centre-Nord","type":"Region"},{"code":"BF-06","name":"Centre-Ouest","type":"Region"},{"code":"BF-07","name":"Centre-Sud","type":"Region"},{"code":"BF-08","name":"Est","type":"Region"},{"code":"BF-09","name":"Hauts-Bassins","type":"Region"},{"code":"BF-10","name":"Nord","type":"Region"},{"code":"BF-11","name":"Plateau-Central","type":"Region"},{"code":"BF-12","name":"Sahel","type":"Region"},{"code":"BF-13","name":"Sud-Ouest","type":"Region"},{"code":"BF-BAL","name":"Bal\u00e9","type":"Province"},{"code":"BF-BAM","name":"Bam","type":"Province"},{"code":"BF-BAN","name":"Banwa","type":"Province"},{"code":"BF-BAZ","name":"Baz\u00e8ga","type":"Province"},{"code":"BF-BGR","name":"Bougouriba","type":"Province"},{"code":"BF-BLG","name":"Boulgou","type":"Province"},{"code":"BF-BLK","name":"Boulkiemd\u00e9","type":"Province"},{"code":"BF-COM","name":"Como\u00e9","type":"Province"},{"code":"BF-GAN","name":"Ganzourgou","type":"Province"},{"code":"BF-GNA","name":"Gnagna","type":"Province"},{"code":"BF-GOU","name":"Gourma","type":"Province"},{"code":"BF-HOU","name":"Houet","type":"Province"},{"code":"BF-IOB","name":"Ioba","type":"Province"},{"code":"BF-KAD","name":"Kadiogo","type":"Province"},{"code":"BF-KEN","name":"K\u00e9n\u00e9dougou","type":"Province"},{"code":"BF-KMD","name":"Komondjari","type":"Province"},{"code":"BF-KMP","name":"Kompienga","type":"Province"},{"code":"BF-KOP","name":"Koulp\u00e9logo","type":"Province"},{"code":"BF-KOS","name":"Kossi","type":"Province"},{"code":"BF-KOT","name":"Kouritenga","type":"Province"},{"code":"BF-KOW","name":"Kourw\u00e9ogo","type":"Province"},{"code":"BF-LER","name":"L\u00e9raba","type":"Province"},{"code":"BF-LOR","name":"Loroum","type":"Province"},{"code":"BF-MOU","name":"Mouhoun","type":"Province"},{"code":"BF-NAM","name":"Namentenga","type":"Province"},{"code":"BF-NAO","name":"Naouri","type":"Province"},{"code":"BF-NAY","name":"Nayala","type":"Province"},{"code":"BF-NOU","name":"Noumbiel","type":"Province"},{"code":"BF-OUB","name":"Oubritenga","type":"Province"},{"code":"BF-OUD","name":"Oudalan","type":"Province"},{"code":"BF-PAS","name":"Passor\u00e9","type":"Province"},{"code":"BF-PON","name":"Poni","type":"Province"},{"code":"BF-SEN","name":"S\u00e9no","type":"Province"},{"code":"BF-SIS","name":"Sissili","type":"Province"},{"code":"BF-SMT","name":"Sanmatenga","type":"Province"},{"code":"BF-SNG","name":"Sangui\u00e9","type":"Province"},{"code":"BF-SOM","name":"Soum","type":"Province"},{"code":"BF-SOR","name":"Sourou","type":"Province"},{"code":"BF-TAP","name":"Tapoa","type":"Province"},{"code":"BF-TUI","name":"Tui","type":"Province"},{"code":"BF-YAG","name":"Yagha","type":"Province"},{"code":"BF-YAT","name":"Yatenga","type":"Province"},{"code":"BF-ZIR","name":"Ziro","type":"Province"},{"code":"BF-ZON","name":"Zondoma","type":"Province"},{"code":"BF-ZOU","name":"Zoundw\u00e9ogo","type":"Province"}]