[{"code":"BR-AC","name":"Acre","type":"State"},{"code":"BR-AL","name":"Alagoas","type":"State"},{"code":"BR-AM","name":"Amazonas","type":"State"},{"code":"BR-AP","name":"Amap\u00e1","type":"State"},{"code":"BR-BA","name":"Bahia","type":"State"},{"code":"BR-CE","name":"Cear\u00e1","type":"State"},{"code":"BR-DF","name":"Distrito Federal","type":"Federal District"},{"code":"BR-ES","name":"Esp\u00edrito Santo","type":"State"},{"code":"BR-FN","name":"Fernando de Noronha","type":"State"},{"code":"BR-GO","name":"Goi\u00e1s","type":"State"},{"code":"BR-MA","name":"Maranh\u00e3o","type":"State"},{"code":"BR-MG","name":"Minas Gerais","type":"State"},{"code":"BR-MS","name":"Mato Grosso do Sul","type":"State"},{"code":"BR-MT","name":"Mato Grosso","type":"State"},{"code":"BR-PA","name":"Par\u00e1","type":"State"},{"code":"BR-PB","name":"Para\u00edba","type":"State"},{"code":"BR-PE","name":"Pernambuco","type":"State"},{"code":"BR-PI","name":"Piau\u00ed","type":"State"},{"code":"BR-PR","name":"Paran\u00e1","type":"State"},{"code":"BR-RJ","name":"Rio de Janeiro","type":"State"},{"code":"BR-RN","name":"Rio Grande do Norte","type":"State"},{"code":"BR-RO","name":"Rond\u00f4nia","type":"State"},{"code":"BR-RR","name":"Roraima","type":"State"},{"code":"BR-RS","name":"Rio Grande do Sul","type":"State"},{"code":"BR-SC","name":"Santa Catarina","type":"State"},{"code":"BR-SE","name":"Sergipe","type":"State"},{"code":"BR-SP","name":"S\u00e3o Paulo","type":"State"},{"code":"BR-TO","name":"Tocantins","type":"State"}]