[{"code":"CH-AG","name":"Aargau","type":"Canton"},{"code":"CH-AI","name":"Appenzell Innerrhoden","type":"Canton"},{"code":"CH-AR","name":"Appenzell Ausserrhoden","type":"Canton"},{"code":"CH-BE","name":"Bern","type":"Canton"},{"code":"CH-BL","name":"Basel-Landschaft","type":"Canton"},{"code":"CH-BS","name":"Basel-Stadt","type":"Canton"},{"code":"CH-FR","name":"Fribourg","type":"Canton"},{"code":"CH-GE","name":"Gen\u00e8ve","type":"Canton"},{"code":"CH-GL","name":"Glarus","type":"Canton"},{"code":"CH-GR","name":"Graub\u00fcnden","type":"Canton"},{"code":"CH-JU","name":"Jura","type":"Canton"},{"code":"CH-LU","name":"Luzern","type":"Canton"},{"code":"CH-NE","name":"Neuch\u00e2tel","type":"Canton"},{"code":"CH-NW","name":"Nidwalden","type":"Canton"},{"code":"CH-OW","name":"Obwalden","type":"Canton"},{"code":"CH-SG","name":"Sankt Gallen","type":"Canton"},{"code":"CH-SH","name":"Schaffhausen","type":"Canton"},{"code":"CH-SO","name":"Solothurn","type":"Canton"},{"code":"CH-SZ","name":"Schwyz","type":"Canton"},{"code":"CH-TG","name":"Thurgau","type":"Canton"},{"code":"CH-TI","name":"Ticino","type":"Canton"},{"code":"CH-UR","name":"Uri","type":"Canton"},{"code":"CH-VD","name":"Vaud","type":"Canton"},{"code":"CH-VS","name":"Valais","type":"Canton"},{"code":"CH-ZG","name":"Zug","type":"Canton"},{"code":"CH-ZH","name":"Z\u00fcrich","type":"Canton"}]