[{"code":"CU-01","name":"Pinar del Rio","type":"Province"},{"code":"CU-02","name":"La Habana","type":"Province"},{"code":"CU-03","name":"Ciudad de La Habana","type":"Province"},{"code":"CU-04","name":"Matanzas","type":"Province"},{"code":"CU-05","name":"Villa Clara","type":"Province"},{"code":"CU-06","name":"Cienfuegos","type":"Province"},{"code":"CU-07","name":"Sancti Sp\u00edritus","type":"Province"},{"code":"CU-08","name":"Ciego de \u00c1vila","type":"Province"},{"code":"CU-09","name":"Camag\u00fcey","type":"Province"},{"code":"CU-10","name":"Las Tunas","type":"Province"},{"code":"CU-11","name":"Holgu\u00edn","type":"Province"},{"code":"CU-12","name":"Granma","type":"Province"},{"code":"CU-13","name":"Santiago de Cuba","type":"Province"},{"code":"CU-14","name":"Guant\u00e1namo","type":"Province"},{"code":"CU-99","name":"Isla de la Juventud","type":"Special municipality"}]