[{"code":"CV-B","name":"Ilhas de Barlavento","type":"Geographical region"},{"code":"CV-BR","name":"Brava","type":"Municipality"},{"code":"CV-BV","name":"Boa Vista","type":"Municipality"},{"code":"CV-CA","name":"Santa Catarina","type":"Municipality"},{"code":"CV-CF","name":"Santa Catarina de Fogo","type":"Municipality"},{"code":"CV-CR","name":"Santa Cruz","type":"Municipality"},{"code":"CV-MA","name":"Maio","type":"Municipality"},{"code":"CV-MO","name":"Mosteiros","type":"Municipality"},{"code":"CV-PA","name":"Paul","type":"Municipality"},{"code":"CV-PN","name":"Porto Novo","type":"Municipality"},{"code":"CV-PR","name":"Praia","type":"Municipality"},{"code":"CV-RB","name":"Ribeira Brava","type":"Municipality"},{"code":"CV-RG","name":"Ribeira Grande","type":"Municipality"},{"code":"CV-RS","name":"Ribeira Grande de Santiago","type":"Municipality"},{"code":"CV-S","name":"Ilhas de Sotavento","type":"Geographical region"},{"code":"CV-SD","name":"S\u00e3o Domingos","type":"Municipality"},{"code":"CV-SF","name":"S\u00e3o Filipe","type":"Municipality"},{"code":"CV-SL","name":"Sal","type":"Municipality"},{"code":"CV-SM","name":"S\u00e3o Miguel","type":"Municipality"},{"code":"CV-SO","name":"S\u00e3o Louren\u00e7o dos \u00d3rg\u00e3os","type":"Municipality"},{"code":"CV-SS","name":"S\u00e3o Salvador do Mundo","type":"Municipality"},{"code":"CV-SV","name":"S\u00e3o Vicente","type":"Municipality"},{"code":"CV-TA","name":"Tarrafal","type":"Municipality"},{"code":"CV-TS","name":"Tarrafal de S\u00e3o Nicolau","type":"Municipality"}]