[{"code":"FR-01","name":"Ain","type":"Metropolitan department"},{"code":"FR-02","name":"Aisne","type":"Metropolitan department"},{"code":"FR-03","name":"Allier","type":"Metropolitan department"},{"code":"FR-04","name":"Alpes-de-Haute-Provence","type":"Metropolitan department"},{"code":"FR-05","name":"Hautes-Alpes","type":"Metropolitan department"},{"code":"FR-06","name":"Alpes-Maritimes","type":"Metropolitan department"},{"code":"FR-07","name":"Ard\u00e8che","type":"Metropolitan department"},{"code":"FR-08","name":"Ardennes","type":"Metropolitan department"},{"code":"FR-09","name":"Ari\u00e8ge","type":"Metropolitan department"},{"code":"FR-10","name":"Aube","type":"Metropolitan department"},{"code":"FR-11","name":"Aude","type":"Metropolitan department"},{"code":"FR-12","name":"Aveyron","type":"Metropolitan department"},{"code":"FR-13","name":"Bouches-du-Rh\u00f4ne","type":"Metropolitan department"},{"code":"FR-14","name":"Calvados","type":"Metropolitan department"},{"code":"FR-15","name":"Cantal","type":"Metropolitan department"},{"code":"FR-16","name":"Charente","type":"Metropolitan department"},{"code":"FR-17","name":"Charente-Maritime","type":"Metropolitan department"},{"code":"FR-18","name":"Cher","type":"Metropolitan department"},{"code":"FR-19","name":"Corr\u00e8ze","type":"Metropolitan department"},{"code":"FR-21","name":"C\u00f4te-d'Or","type":"Metropolitan department"},{"code":"FR-22","name":"C\u00f4tes-d'Armor","type":"Metropolitan department"},{"code":"FR-23","name":"Creuse","type":"Metropolitan department"},{"code":"FR-24","name":"Dordogne","type":"Metropolitan department"},{"code":"FR-25","name":"Doubs","type":"Metropolitan department"},{"code":"FR-26","name":"Dr\u00f4me","type":"Metropolitan department"},{"code":"FR-27","name":"Eure","type":"Metropolitan department"},{"code":"FR-28","name":"Eure-et-Loir","type":"Metropolitan department"},{"code":"FR-29","name":"Finist\u00e8re","type":"Metropolitan department"},{"code":"FR-2A","name":"Corse-du-Sud","type":"Metropolitan department"},{"code":"FR-2B","name":"Haute-Corse","type":"Metropolitan department"},{"code":"FR-30","name":"Gard","type":"Metropolitan department"},{"code":"FR-31","name":"Haute-Garonne","type":"Metropolitan department"},{"code":"FR-32","name":"Gers","type":"Metropolitan department"},{"code":"FR-33","name":"Gironde","type":"Metropolitan department"},{"code":"FR-34","name":"H\u00e9rault","type":"Metropolitan department"},{"code":"FR-35","name":"Ille-et-Vilaine","type":"Metropolitan department"},{"code":"FR-36","name":"Indre","type":"Metropolitan department"},{"code":"FR-37","name":"Indre-et-Loire","type":"Metropolitan department"},{"code":"FR-38","name":"Is\u00e8re","type":"Metropolitan department"},{"code":"FR-39","name":"Jura","type":"Metropolitan department"},{"code":"FR-40","name":"Landes","type":"Metropolitan department"},{"code":"FR-41","name":"Loir-et-Cher","type":"Metropolitan department"},{"code":"FR-42","name":"Loire","type":"Metropolitan department"},{"code":"FR-43","name":"Haute-Loire","type":"Metropolitan department"},{"code":"FR-44","name":"Loire-Atlantique","type":"Metropolitan department"},{"code":"FR-45","name":"Loiret","type":"Metropolitan department"},{"code":"FR-46","name":"Lot","type":"Metropolitan department"},{"code":"FR-47","name":"Lot-et-Garonne","type":"Metropolitan department"},{"code":"FR-48","name":"Loz\u00e8re","type":"Metropolitan department"},{"code":"FR-49","name":"Maine-et-Loire","type":"Metropolitan department"},{"code":"FR-50","name":"Manche","type":"Metropolitan department"},{"code":"FR-51","name":"Marne","type":"Metropolitan department"},{"code":"FR-52","name":"Haute-Marne","type":"Metropolitan department"},{"code":"FR-53","name":"Mayenne","type":"Metropolitan department"},{"code":"FR-54","name":"Meurthe-et-Moselle","type":"Metropolitan department"},{"code":"FR-55","name":"Meuse","type":"Metropolitan department"},{"code":"FR-56","name":"Morbihan","type":"Metropolitan department"},{"code":"FR-57","name":"Moselle","type":"Metropolitan department"},{"code":"FR-58","name":"Ni\u00e8vre","type":"Metropolitan department"},{"code":"FR-59","name":"Nord","type":"Metropolitan department"},{"code":"FR-60","name":"Oise","type":"Metropolitan department"},{"code":"FR-61","name":"Orne","type":"Metropolitan department"},{"code":"FR-62","name":"Pas-de-Calais","type":"Metropolitan department"},{"code":"FR-63","name":"Puy-de-D\u00f4me","type":"Metropolitan department"},{"code":"FR-64","name":"Pyr\u00e9n\u00e9es-Atlantiques","type":"Metropolitan department"},{"code":"FR-65","name":"Hautes-Pyr\u00e9n\u00e9es","type":"Metropolitan department"},{"code":"FR-66","name":"Pyr\u00e9n\u00e9es-Orientales","type":"Metropolitan department"},{"code":"FR-67","name":"Bas-Rhin","type":"Metropolitan department"},{"code":"FR-68","name":"Haut-Rhin","type":"Metropolitan department"},{"code":"FR-69","name":"Rh\u00f4ne","type":"Metropolitan department"},{"code":"FR-70","name":"Haute-Sa\u00f4ne","type":"Metropolitan department"},{"code":"FR-71","name":"Sa\u00f4ne-et-Loire","type":"Metropolitan department"},{"code":"FR-72","name":"Sarthe","type":"Metropolitan department"},{"code":"FR-73","name":"Savoie","type":"Metropolitan department"},{"code":"FR-74","name":"Haute-Savoie","type":"Metropolitan department"},{"code":"FR-75","name":"Paris","type":"Metropolitan department"},{"code":"FR-76","name":"Seine-Maritime","type":"Metropolitan department"},{"code":"FR-77","name":"Seine-et-Marne","type":"Metropolitan department"},{"code":"FR-78","name":"Yvelines","type":"Metropolitan department"},{"code":"FR-79","name":"Deux-S\u00e8vres","type":"Metropolitan department"},{"code":"FR-80","name":"Somme","type":"Metropolitan department"},{"code":"FR-81","name":"Tarn","type":"Metropolitan department"},{"code":"FR-82","name":"Tarn-et-Garonne","type":"Metropolitan department"},{"code":"FR-83","name":"Var","type":"Metropolitan department"},{"code":"FR-84","name":"Vaucluse","type":"Metropolitan department"},{"code":"FR-85","name":"Vend\u00e9e","type":"Metropolitan department"},{"code":"FR-86","name":"Vienne","type":"Metropolitan department"},{"code":"FR-87","name":"Haute-Vienne","type":"Metropolitan department"},{"code":"FR-88","name":"Vosges","type":"Metropolitan department"},{"code":"FR-89","name":"Yonne","type":"Metropolitan department"},{"code":"FR-90","name":"Territoire de Belfort","type":"Metropolitan department"},{"code":"FR-91","name":"Essonne","type":"Metropolitan department"},{"code":"FR-92","name":"Hauts-de-Seine","type":"Metropolitan department"},{"code":"FR-93","name":"Seine-Saint-Denis","type":"Metropolitan department"},{"code":"FR-94","name":"Val-de-Marne","type":"Metropolitan department"},{"code":"FR-95","name":"Val-d'Oise","type":"Metropolitan department"},{"code":"FR-ARA","name":"Auvergne-Rh\u00f4ne-Alpes","type":"Metropolitan region"},{"code":"FR-BFC","name":"Bourgogne-Franche-Comt\u00e9","type":"Metropolitan region"},{"code":"FR-BL","name":"Saint-Barth\u00e9lemy","type":"Overseas territorial collectivity"},{"code":"FR-BRE","name":"Bretagne","type":"Metropolitan region"},{"code":"FR-COR","name":"Corse","type":"Metropolitan region"},{"code":"FR-CP","name":"Clipperton","type":"Dependency"},{"code":"FR-CVL","name":"Centre-Val de Loire","type":"Metropolitan region"},{"code":"FR-GES","name":"Grand-Est","type":"Metropolitan region"},{"code":"FR-GF","name":"Guyane (fran\u00e7aise)","type":"Overseas territorial collectivity"},{"code":"FR-GP","name":"Guadeloupe","type":"Overseas department"},{"code":"FR-GUA","name":"Guadeloupe","type":"Overseas region"},{"code":"FR-HDF","name":"Hauts-de-France","type":"Metropolitan region"},{"code":"FR-IDF","name":"\u00cele-de-France","type":"Metropolitan region"},{"code":"FR-LRE","name":"La R\u00e9union","type":"Overseas region"},{"code":"FR-MAY","name":"Mayotte","type":"Overseas region"},{"code":"FR-MF","name":"Saint-Martin","type":"Overseas territorial collectivity"},{"code":"FR-MQ","name":"Martinique","type":"Overseas territorial collectivity"},{"code":"FR-NAQ","name":"Nouvelle-Aquitaine","type":"Metropolitan region"},{"code":"FR-NC","name":"Nouvelle-Cal\u00e9donie","type":"Overseas territorial collectivity"},{"code":"FR-NOR","name":"Normandie","type":"Metropolitan region"},{"code":"FR-OCC","name":"Occitanie","type":"Metropolitan region"},{"code":"FR-PAC","name":"Provence-Alpes-C\u00f4te-d\u2019Azur","type":"Metropolitan region"},{"code":"FR-PDL","name":"Pays-de-la-Loire","type":"Metropolitan region"},{"code":"FR-PF","name":"Polyn\u00e9sie fran\u00e7aise","type":"Overseas territorial collectivity"},{"code":"FR-PM","name":"Saint-Pierre-et-Miquelon","type":"Overseas territorial collectivity"},{"code":"FR-RE","name":"La R\u00e9union","type":"Overseas department"},{"code":"FR-TF","name":"Terres australes fran\u00e7aises","type":"Overseas territorial collectivity"},{"code":"FR-WF","name":"Wallis-et-Futuna","type":"Overseas territorial collectivity"},{"code":"FR-YT","name":"Mayotte","type":"Overseas department"}]