[{"code":"GB-ABC","name":"Armagh, Banbridge and Craigavon","type":"District"},{"code":"GB-ABD","name":"Aberdeenshire","type":"Council area"},{"code":"GB-ABE","name":"Aberdeen City","type":"Council area"},{"code":"GB-AGB","name":"Argyll and Bute","type":"Council area"},{"code":"GB-AGY","name":"Isle of Anglesey; Sir Ynys M\u00f4n","type":"Unitary authority"},{"code":"GB-AND","name":"Ards and North Down","type":"District"},{"code":"GB-ANN","name":"Antrim and Newtownabbey","type":"District"},{"code":"GB-ANS","name":"Angus","type":"Council area"},{"code":"GB-BAS","name":"Bath and North East Somerset","type":"Unitary authority"},{"code":"GB-BBD","name":"Blackburn with Darwen","type":"Unitary authority"},{"code":"GB-BDF","name":"Bedford","type":"Unitary authority"},{"code":"GB-BDG","name":"Barking and Dagenham","type":"London borough"},{"code":"GB-BEN","name":"Brent","type":"London borough"},{"code":"GB-BEX","name":"Bexley","type":"London borough"},{"code":"GB-BFS","name":"Belfast","type":"District"},{"code":"GB-BGE","name":"Bridgend; Pen-y-bont ar Ogwr","type":"Unitary authority"},{"code":"GB-BGW","name":"Blaenau Gwent","type":"Unitary authority"},{"code":"GB-BIR","name":"Birmingham","type":"Metropolitan district"},{"code":"GB-BKM","name":"Buckinghamshire","type":"Two-tier county"},{"code":"GB-BMH","name":"Bournemouth","type":"Unitary authority"},{"code":"GB-BNE","name":"Barnet","type":"London borough"},{"code":"GB-BNH","name":"Brighton and Hove","type":"Unitary authority"},{"code":"GB-BNS","name":"Barnsley","type":"Metropolitan district"},{"code":"GB-BOL","name":"Bolton","type":"Metropolitan district"},{"code":"GB-BPL","name":"Blackpool","type":"Unitary authority"},{"code":"GB-BRC","name":"Bracknell Forest","type":"Unitary authority"},{"code":"GB-BRD","name":"Bradford","type":"Metropolitan district"},{"code":"GB-BRY","name":"Bromley","type":"London borough"},{"code":"GB-BST","name":"Bristol, City of","type":"Unitary authority"},{"code":"GB-BUR","name":"Bury","type":"Metropolitan district"},{"code":"GB-CAM","name":"Cambridgeshire","type":"Two-tier county"},{"code":"GB-CAY","name":"Caerphilly; Caerffili","type":"Unitary authority"},{"code":"GB-CBF","name":"Central Bedfordshire","type":"Unitary authority"},{"code":"GB-CCG","name":"Causeway Coast and Glens","type":"District"},{"code":"GB-CGN","name":"Ceredigion; Sir Ceredigion","type":"Unitary authority"},{"code":"GB-CHE","name":"Cheshire East","type":"Unitary authority"},{"code":"GB-CHW","name":"Cheshire West and Chester","type":"Unitary authority"},{"code":"GB-CLD","name":"Calderdale","type":"Metropolitan district"},{"code":"GB-CLK","name":"Clackmannanshire","type":"Council area"},{"code":"GB-CMA","name":"Cumbria","type":"Two-tier county"},{"code":"GB-CMD","name":"Camden","type":"London borough"},{"code":"GB-CMN","name":"Carmarthenshire; Sir Gaerfyrddin","type":"Unitary authority"},{"code":"GB-CON","name":"Cornwall","type":"Unitary authority"},{"code":"GB-COV","name":"Coventry","type":"Metropolitan district"},{"code":"GB-CRF","name":"Cardiff; Caerdydd","type":"Unitary authority"},{"code":"GB-CRY","name":"Croydon","type":"London borough"},{"code":"GB-CWY","name":"Conwy","type":"Unitary authority"},{"code":"GB-DAL","name":"Darlington","type":"Unitary authority"},{"code":"GB-DBY","name":"Derbyshire","type":"Two-tier county"},{"code":"GB-DEN","name":"Denbighshire; Sir Ddinbych","type":"Unitary authority"},{"code":"GB-DER","name":"Derby","type":"Unitary authority"},{"code":"GB-DEV","name":"Devon","type":"Two-tier county"},{"code":"GB-DGY","name":"Dumfries and Galloway","type":"Council area"},{"code":"GB-DNC","name":"Doncaster","type":"Metropolitan district"},{"code":"GB-DND","name":"Dundee City","type":"Council area"},{"code":"GB-DOR","name":"Dorset","type":"Two-tier county"},{"code":"GB-DRS","name":"Derry and Strabane","type":"District"},{"code":"GB-DUD","name":"Dudley","type":"Metropolitan district"},{"code":"GB-DUR","name":"Durham County","type":"Unitary authority"},{"code":"GB-EAL","name":"Ealing","type":"London borough"},{"code":"GB-EAW","name":"England and Wales","type":"Nation"},{"code":"GB-EAY","name":"East Ayrshire","type":"Council area"},{"code":"GB-EDH","name":"Edinburgh, City of","type":"Council area"},{"code":"GB-EDU","name":"East Dunbartonshire","type":"Council area"},{"code":"GB-ELN","name":"East Lothian","type":"Council area"},{"code":"GB-ELS","name":"Eilean Siar","type":"Council area"},{"code":"GB-ENF","name":"Enfield","type":"London borough"},{"code":"GB-ENG","name":"England","type":"Country"},{"code":"GB-ERW","name":"East Renfrewshire","type":"Council area"},{"code":"GB-ERY","name":"East Riding of Yorkshire","type":"Unitary authority"},{"code":"GB-ESS","name":"Essex","type":"Two-tier county"},{"code":"GB-ESX","name":"East Sussex","type":"Two-tier county"},{"code":"GB-FAL","name":"Falkirk","type":"Council area"},{"code":"GB-FIF","name":"Fife","type":"Council area"},{"code":"GB-FLN","name":"Flintshire; Sir y Fflint","type":"Unitary authority"},{"code":"GB-FMO","name":"Fermanagh and Omagh","type":"District"},{"code":"GB-GAT","name":"Gateshead","type":"Metropolitan district"},{"code":"GB-GBN","name":"Great Britain","type":"Nation"},{"code":"GB-GLG","name":"Glasgow City","type":"Council area"},{"code":"GB-GLS","name":"Gloucestershire","type":"Two-tier county"},{"code":"GB-GRE","name":"Greenwich","type":"London borough"},{"code":"GB-GWN","name":"Gwynedd","type":"Unitary authority"},{"code":"GB-HAL","name":"Halton","type":"Unitary authority"},{"code":"GB-HAM","name":"Hampshire","type":"Two-tier county"},{"code":"GB-HAV","name":"Havering","type":"London borough"},{"code":"GB-HCK","name":"Hackney","type":"London borough"},{"code":"GB-HEF","name":"Herefordshire","type":"Unitary authority"},{"code":"GB-HIL","name":"Hillingdon","type":"London borough"},{"code":"GB-HLD","name":"Highland","type":"Council area"},{"code":"GB-HMF","name":"Hammersmith and Fulham","type":"London borough"},{"code":"GB-HNS","name":"Hounslow","type":"London borough"},{"code":"GB-HPL","name":"Hartlepool","type":"Unitary authority"},{"code":"GB-HRT","name":"Hertfordshire","type":"Two-tier county"},{"code":"GB-HRW","name":"Harrow","type":"London borough"},{"code":"GB-HRY","name":"Haringey","type":"London borough"},{"code":"GB-IOS","name":"Isles of Scilly","type":"Unitary authority"},{"code":"GB-IOW","name":"Isle of Wight","type":"Unitary authority"},{"code":"GB-ISL","name":"Islington","type":"London borough"},{"code":"GB-IVC","name":"Inverclyde","type":"Council area"},{"code":"GB-KEC","name":"Kensington and Chelsea","type":"London borough"},{"code":"GB-KEN","name":"Kent","type":"Two-tier county"},{"code":"GB-KHL","name":"Kingston upon Hull","type":"Unitary authority"},{"code":"GB-KIR","name":"Kirklees","type":"Metropolitan district"},{"code":"GB-KTT","name":"Kingston upon Thames","type":"London borough"},{"code":"GB-KWL","name":"Knowsley","type":"Metropolitan district"},{"code":"GB-LAN","name":"Lancashire","type":"Two-tier county"},{"code":"GB-LBC","name":"Lisburn and Castlereagh","type":"District"},{"code":"GB-LBH","name":"Lambeth","type":"London borough"},{"code":"GB-LCE","name":"Leicester","type":"Unitary authority"},{"code":"GB-LDS","name":"Leeds","type":"Metropolitan district"},{"code":"GB-LEC","name":"Leicestershire","type":"Two-tier county"},{"code":"GB-LEW","name":"Lewisham","type":"London borough"},{"code":"GB-LIN","name":"Lincolnshire","type":"Two-tier county"},{"code":"GB-LIV","name":"Liverpool","type":"Metropolitan district"},{"code":"GB-LND","name":"London, City of","type":"City corporation"},{"code":"GB-LUT","name":"Luton","type":"Unitary authority"},{"code":"GB-MAN","name":"Manchester","type":"Metropolitan district"},{"code":"GB-MDB","name":"Middlesbrough","type":"Unitary authority"},{"code":"GB-MDW","name":"Medway","type":"Unitary authority"},{"code":"GB-MEA","name":"Mid and East Antrim","type":"District"},{"code":"GB-MIK","name":"Milton Keynes","type":"Unitary authority"},{"code":"GB-MLN","name":"Midlothian","type":"Council area"},{"code":"GB-MON","name":"Monmouthshire; Sir Fynwy","type":"Unitary authority"},{"code":"GB-MRT","name":"Merton","type":"London borough"},{"code":"GB-MRY","name":"Moray","type":"Council area"},{"code":"GB-MTY","name":"Merthyr Tydfil; Merthyr Tudful","type":"Unitary authority"},{"code":"GB-MUL","name":"Mid Ulster","type":"District"},{"code":"GB-NAY","name":"North Ayrshire","type":"Council area"},{"code":"GB-NBL","name":"Northumberland","type":"Unitary authority"},{"code":"GB-NEL","name":"North East Lincolnshire","type":"Unitary authority"},{"code":"GB-NET","name":"Newcastle upon Tyne","type":"Metropolitan district"},{"code":"GB-NFK","name":"Norfolk","type":"Two-tier county"},{"code":"GB-NGM","name":"Nottingham","type":"Unitary authority"},{"code":"GB-NIR","name":"Northern Ireland","type":"Province"},{"code":"GB-NLK","name":"North Lanarkshire","type":"Council area"},{"code":"GB-NLN","name":"North Lincolnshire","type":"Unitary authority"},{"code":"GB-NMD","name":"Newry, Mourne and Down","type":"District"},{"code":"GB-NSM","name":"North Somerset","type":"Unitary authority"},{"code":"GB-NTH","name":"Northamptonshire","type":"Two-tier county"},{"code":"GB-NTL","name":"Neath Port Talbot; Castell-nedd Port Talbot","type":"Unitary authority"},{"code":"GB-NTT","name":"Nottinghamshire","type":"Two-tier county"},{"code":"GB-NTY","name":"North Tyneside","type":"Metropolitan district"},{"code":"GB-NWM","name":"Newham","type":"London borough"},{"code":"GB-NWP","name":"Newport; Casnewydd","type":"Unitary authority"},{"code":"GB-NYK","name":"North Yorkshire","type":"Two-tier county"},{"code":"GB-OLD","name":"Oldham","type":"Metropolitan district"},{"code":"GB-ORK","name":"Orkney Islands","type":"Council area"},{"code":"GB-OXF","name":"Oxfordshire","type":"Two-tier county"},{"code":"GB-PEM","name":"Pembrokeshire; Sir Benfro","type":"Unitary authority"},{"code":"GB-PKN","name":"Perth and Kinross","type":"Council area"},{"code":"GB-PLY","name":"Plymouth","type":"Unitary authority"},{"code":"GB-POL","name":"Poole","type":"Unitary authority"},{"code":"GB-POR","name":"Portsmouth","type":"Unitary authority"},{"code":"GB-POW","name":"Powys","type":"Unitary authority"},{"code":"GB-PTE","name":"Peterborough","type":"Unitary authority"},{"code":"GB-RCC","name":"Redcar and Cleveland","type":"Unitary authority"},{"code":"GB-RCH","name":"Rochdale","type":"Metropolitan district"},{"code":"GB-RCT","name":"Rhondda, Cynon, Taff; Rhondda, Cynon, Taf","type":"Unitary authority"},{"code":"GB-RDB","name":"Redbridge","type":"London borough"},{"code":"GB-RDG","name":"Reading","type":"Unitary authority"},{"code":"GB-RFW","name":"Renfrewshire","type":"Council area"},{"code":"GB-RIC","name":"Richmond upon Thames","type":"London borough"},{"code":"GB-ROT","name":"Rotherham","type":"Metropolitan district"},{"code":"GB-RUT","name":"Rutland","type":"Unitary authority"},{"code":"GB-SAW","name":"Sandwell","type":"Metropolitan district"},{"code":"GB-SAY","name":"South Ayrshire","type":"Council area"},{"code":"GB-SCB","name":"Scottish Borders, The","type":"Council area"},{"code":"GB-SCT","name":"Scotland","type":"Country"},{"code":"GB-SFK","name":"Suffolk","type":"Two-tier county"},{"code":"GB-SFT","name":"Sefton","type":"Metropolitan district"},{"code":"GB-SGC","name":"South Gloucestershire","type":"Unitary authority"},{"code":"GB-SHF","name":"Sheffield","type":"Metropolitan district"},{"code":"GB-SHN","name":"St. Helens","type":"Metropolitan district"},{"code":"GB-SHR","name":"Shropshire","type":"Unitary authority"},{"code":"GB-SKP","name":"Stockport","type":"Metropolitan district"},{"code":"GB-SLF","name":"Salford","type":"Metropolitan district"},{"code":"GB-SLG","name":"Slough","type":"Unitary authority"},{"code":"GB-SLK","name":"South Lanarkshire","type":"Council area"},{"code":"GB-SND","name":"Sunderland","type":"Metropolitan district"},{"code":"GB-SOL","name":"Solihull","type":"Metropolitan district"},{"code":"GB-SOM","name":"Somerset","type":"Two-tier county"},{"code":"GB-SOS","name":"Southend-on-Sea","type":"Unitary authority"},{"code":"GB-SRY","name":"Surrey","type":"Two-tier county"},{"code":"GB-STE","name":"Stoke-on-Trent","type":"Unitary authority"},{"code":"GB-STG","name":"Stirling","type":"Council area"},{"code":"GB-STH","name":"Southampton","type":"Unitary authority"},{"code":"GB-STN","name":"Sutton","type":"London borough"},{"code":"GB-STS","name":"Staffordshire","type":"Two-tier county"},{"code":"GB-STT","name":"Stockton-on-Tees","type":"Unitary authority"},{"code":"GB-STY","name":"South Tyneside","type":"Metropolitan district"},{"code":"GB-SWA","name":"Swansea; Abertawe","type":"Unitary authority"},{"code":"GB-SWD","name":"Swindon","type":"Unitary authority"},{"code":"GB-SWK","name":"Southwark","type":"London borough"},{"code":"GB-TAM","name":"Tameside","type":"Metropolitan district"},{"code":"GB-TFW","name":"Telford and Wrekin","type":"Unitary authority"},{"code":"GB-THR","name":"Thurrock","type":"Unitary authority"},{"code":"GB-TOB","name":"Torbay","type":"Unitary authority"},{"code":"GB-TOF","name":"Torfaen; Tor-faen","type":"Unitary authority"},{"code":"GB-TRF","name":"Trafford","type":"Metropolitan district"},{"code":"GB-TWH","name":"Tower Hamlets","type":"London borough"},{"code":"GB-UKM","name":"United Kingdom","type":"Nation"},{"code":"GB-VGL","name":"Vale of Glamorgan, The; Bro Morgannwg","type":"Unitary authority"},{"code":"GB-WAR","name":"Warwickshire","type":"Two-tier county"},{"code":"GB-WBK","name":"West Berkshire","type":"Unitary authority"},{"code":"GB-WDU","name":"West Dunbartonshire","type":"Council area"},{"code":"GB-WFT","name":"Waltham Forest","type":"London borough"},{"code":"GB-WGN","name":"Wigan","type":"Metropolitan district"},{"code":"GB-WIL","name":"Wiltshire","type":"Unitary authority"},{"code":"GB-WKF","name":"Wakefield","type":"Metropolitan district"},{"code":"GB-WLL","name":"Walsall","type":"Metropolitan district"},{"code":"GB-WLN","name":"West Lothian","type":"Council area"},{"code":"GB-WLS","name":"Wales; Cymru","type":"Country"},{"code":"GB-WLV","name":"Wolverhampton","type":"Metropolitan district"},{"code":"GB-WND","name":"Wandsworth","type":"London borough"},{"code":"GB-WNM","name":"Windsor and Maidenhead","type":"Unitary authority"},{"code":"GB-WOK","name":"Wokingham","type":"Unitary authority"},{"code":"GB-WOR","name":"Worcestershire","type":"Two-tier county"},{"code":"GB-WRL","name":"Wirral","type":"Metropolitan district"},{"code":"GB-WRT","name":"Warrington","type":"Unitary authority"},{"code":"GB-WRX","name":"Wrexham; Wrecsam","type":"Unitary authority"},{"code":"GB-WSM","name":"Westminster","type":"London borough"},{"code":"GB-WSX","name":"West Sussex","type":"Two-tier county"},{"code":"GB-YOR","name":"York","type":"Unitary authority"},{"code":"GB-ZET","name":"Shetland Islands","type":"Council area"}]