[{"code":"GN-B","name":"Bok\u00e9","type":"Governorate"},{"code":"GN-BE","name":"Beyla","type":"Prefecture"},{"code":"GN-BF","name":"Boffa","type":"Prefecture"},{"code":"GN-BK","name":"Bok\u00e9","type":"Prefecture"},{"code":"GN-C","name":"Conakry","type":"Special zone"},{"code":"GN-CO","name":"Coyah","type":"Prefecture"},{"code":"GN-D","name":"Kindia","type":"Governorate"},{"code":"GN-DB","name":"Dabola","type":"Prefecture"},{"code":"GN-DI","name":"Dinguiraye","type":"Prefecture"},{"code":"GN-DL","name":"Dalaba","type":"Prefecture"},{"code":"GN-DU","name":"Dubr\u00e9ka","type":"Prefecture"},{"code":"GN-F","name":"Faranah","type":"Governorate"},{"code":"GN-FA","name":"Faranah","type":"Prefecture"},{"code":"GN-FO","name":"For\u00e9cariah","type":"Prefecture"},{"code":"GN-FR","name":"Fria","type":"Prefecture"},{"code":"GN-GA","name":"Gaoual","type":"Prefecture"},{"code":"GN-GU","name":"Gu\u00e9k\u00e9dou","type":"Prefecture"},{"code":"GN-K","name":"Kankan","type":"Governorate"},{"code":"GN-KA","name":"Kankan","type":"Prefecture"},{"code":"GN-KB","name":"Koubia","type":"Prefecture"},{"code":"GN-KD","name":"Kindia","type":"Prefecture"},{"code":"GN-KE","name":"K\u00e9rouan\u00e9","type":"Prefecture"},{"code":"GN-KN","name":"Koundara","type":"Prefecture"},{"code":"GN-KO","name":"Kouroussa","type":"Prefecture"},{"code":"GN-KS","name":"Kissidougou","type":"Prefecture"},{"code":"GN-L","name":"Lab\u00e9","type":"Governorate"},{"code":"GN-LA","name":"Lab\u00e9","type":"Prefecture"},{"code":"GN-LE","name":"L\u00e9louma","type":"Prefecture"},{"code":"GN-LO","name":"Lola","type":"Prefecture"},{"code":"GN-M","name":"Mamou","type":"Governorate"},{"code":"GN-MC","name":"Macenta","type":"Prefecture"},{"code":"GN-MD","name":"Mandiana","type":"Prefecture"},{"code":"GN-ML","name":"Mali","type":"Prefecture"},{"code":"GN-MM","name":"Mamou","type":"Prefecture"},{"code":"GN-N","name":"Nz\u00e9r\u00e9kor\u00e9","type":"Governorate"},{"code":"GN-NZ","name":"Nz\u00e9r\u00e9kor\u00e9","type":"Prefecture"},{"code":"GN-PI","name":"Pita","type":"Prefecture"},{"code":"GN-SI","name":"Siguiri","type":"Prefecture"},{"code":"GN-TE","name":"T\u00e9lim\u00e9l\u00e9","type":"Prefecture"},{"code":"GN-TO","name":"Tougu\u00e9","type":"Prefecture"},{"code":"GN-YO","name":"Yomou","type":"Prefecture"}]