[{"code":"HU-BA","name":"Baranya","type":"County"},{"code":"HU-BC","name":"B\u00e9k\u00e9scsaba","type":"City with county rights"},{"code":"HU-BE","name":"B\u00e9k\u00e9s","type":"County"},{"code":"HU-BK","name":"B\u00e1cs-Kiskun","type":"County"},{"code":"HU-BU","name":"Budapest","type":"Capital city"},{"code":"HU-BZ","name":"Borsod-Aba\u00faj-Zempl\u00e9n","type":"County"},{"code":"HU-CS","name":"Csongr\u00e1d","type":"County"},{"code":"HU-DE","name":"Debrecen","type":"City with county rights"},{"code":"HU-DU","name":"Duna\u00fajv\u00e1ros","type":"City with county rights"},{"code":"HU-EG","name":"Eger","type":"City with county rights"},{"code":"HU-ER","name":"\u00c9rd","type":"City with county rights"},{"code":"HU-FE","name":"Fej\u00e9r","type":"County"},{"code":"HU-GS","name":"Gy\u0151r-Moson-Sopron","type":"County"},{"code":"HU-GY","name":"Gy\u0151r","type":"City with county rights"},{"code":"HU-HB","name":"Hajd\u00fa-Bihar","type":"County"},{"code":"HU-HE","name":"Heves","type":"County"},{"code":"HU-HV","name":"H\u00f3dmez\u0151v\u00e1s\u00e1rhely","type":"City with county rights"},{"code":"HU-JN","name":"J\u00e1sz-Nagykun-Szolnok","type":"County"},{"code":"HU-KE","name":"Kom\u00e1rom-Esztergom","type":"County"},{"code":"HU-KM","name":"Kecskem\u00e9t","type":"City with county rights"},{"code":"HU-KV","name":"Kaposv\u00e1r","type":"City with county rights"},{"code":"HU-MI","name":"Miskolc","type":"City with county rights"},{"code":"HU-NK","name":"Nagykanizsa","type":"City with county rights"},{"code":"HU-NO","name":"N\u00f3gr\u00e1d","type":"County"},{"code":"HU-NY","name":"Ny\u00edregyh\u00e1za","type":"City with county rights"},{"code":"HU-PE","name":"Pest","type":"County"},{"code":"HU-PS","name":"P\u00e9cs","type":"City with county rights"},{"code":"HU-SD","name":"Szeged","type":"City with county rights"},{"code":"HU-SF","name":"Sz\u00e9kesfeh\u00e9rv\u00e1r","type":"City with county rights"},{"code":"HU-SH","name":"Szombathely","type":"City with county rights"},{"code":"HU-SK","name":"Szolnok","type":"City with county rights"},{"code":"HU-SN","name":"Sopron","type":"City with county rights"},{"code":"HU-SO","name":"Somogy","type":"County"},{"code":"HU-SS","name":"Szeksz\u00e1rd","type":"City with county rights"},{"code":"HU-ST","name":"Salg\u00f3tarj\u00e1n","type":"City with county rights"},{"code":"HU-SZ","name":"Szabolcs-Szatm\u00e1r-Bereg","type":"County"},{"code":"HU-TB","name":"Tatab\u00e1nya","type":"City with county rights"},{"code":"HU-TO","name":"Tolna","type":"County"},{"code":"HU-VA","name":"Vas","type":"County"},{"code":"HU-VE","name":"Veszpr\u00e9m (county)","type":"County"},{"code":"HU-VM","name":"Veszpr\u00e9m","type":"City with county rights"},{"code":"HU-ZA","name":"Zala","type":"County"},{"code":"HU-ZE","name":"Zalaegerszeg","type":"City with county rights"}]