[{"code":"ID-AC","name":"Aceh","type":"Autonomous Province"},{"code":"ID-BA","name":"Bali","type":"Province"},{"code":"ID-BB","name":"Bangka Belitung","type":"Province"},{"code":"ID-BE","name":"Bengkulu","type":"Province"},{"code":"ID-BT","name":"Banten","type":"Province"},{"code":"ID-GO","name":"Gorontalo","type":"Province"},{"code":"ID-IJ","name":"Papua","type":"Geographical unit"},{"code":"ID-JA","name":"Jambi","type":"Province"},{"code":"ID-JB","name":"Jawa Barat","type":"Province"},{"code":"ID-JI","name":"Jawa Timur","type":"Province"},{"code":"ID-JK","name":"Jakarta Raya","type":"Special District"},{"code":"ID-JT","name":"Jawa Tengah","type":"Province"},{"code":"ID-JW","name":"Jawa","type":"Geographical unit"},{"code":"ID-KA","name":"Kalimantan","type":"Geographical unit"},{"code":"ID-KB","name":"Kalimantan Barat","type":"Province"},{"code":"ID-KI","name":"Kalimantan Timur","type":"Province"},{"code":"ID-KR","name":"Kepulauan Riau","type":"Province"},{"code":"ID-KS","name":"Kalimantan Selatan","type":"Province"},{"code":"ID-KT","name":"Kalimantan Tengah","type":"Province"},{"code":"ID-LA","name":"Lampung","type":"Province"},{"code":"ID-MA","name":"Maluku","type":"Province"},{"code":"ID-ML","name":"Maluku","type":"Geographical unit"},{"code":"ID-MU","name":"Maluku Utara","type":"Province"},{"code":"ID-NB","name":"Nusa Tenggara Barat","type":"Province"},{"code":"ID-NT","name":"Nusa Tenggara Timur","type":"Province"},{"code":"ID-NU","name":"Nusa Tenggara","type":"Geographical unit"},{"code":"ID-PA","name":"Papua","type":"Province"},{"code":"ID-PB","name":"Papua Barat","type":"Province"},{"code":"ID-RI","name":"Riau","type":"Province"},{"code":"ID-SA","name":"Sulawesi Utara","type":"Province"},{"code":"ID-SB","name":"Sumatra Barat","type":"Province"},{"code":"ID-SG","name":"Sulawesi Tenggara","type":"Province"},{"code":"ID-SL","name":"Sulawesi","type":"Geographical unit"},{"code":"ID-SM","name":"Sumatera","type":"Geographical unit"},{"code":"ID-SN","name":"Sulawesi Selatan","type":"Province"},{"code":"ID-SR","name":"Sulawesi Barat","type":"Province"},{"code":"ID-SS","name":"Sumatra Selatan","type":"Province"},{"code":"ID-ST","name":"Sulawesi Tengah","type":"Province"},{"code":"ID-SU","name":"Sumatera Utara","type":"Province"},{"code":"ID-YO","name":"Yogyakarta","type":"Special Region"}]