[{"code":"IT-21","name":"Piemonte","type":"Region"},{"code":"IT-23","name":"Valle d'Aosta","type":"Region"},{"code":"IT-25","name":"Lombardia","type":"Region"},{"code":"IT-32","name":"Trentino-Alto Adige","type":"Region"},{"code":"IT-34","name":"Veneto","type":"Region"},{"code":"IT-36","name":"Friuli-Venezia Giulia","type":"Region"},{"code":"IT-42","name":"Liguria","type":"Region"},{"code":"IT-45","name":"Emilia-Romagna","type":"Region"},{"code":"IT-52","name":"Toscana","type":"Region"},{"code":"IT-55","name":"Umbria","type":"Region"},{"code":"IT-57","name":"Marche","type":"Region"},{"code":"IT-62","name":"Lazio","type":"Region"},{"code":"IT-65","name":"Abruzzo","type":"Region"},{"code":"IT-67","name":"Molise","type":"Region"},{"code":"IT-72","name":"Campania","type":"Region"},{"code":"IT-75","name":"Puglia","type":"Region"},{"code":"IT-77","name":"Basilicata","type":"Region"},{"code":"IT-78","name":"Calabria","type":"Region"},{"code":"IT-82","name":"Sicilia","type":"Region"},{"code":"IT-88","name":"Sardegna","type":"Region"},{"code":"IT-AG","name":"Agrigento","type":"Province"},{"code":"IT-AL","name":"Alessandria","type":"Province"},{"code":"IT-AN","name":"Ancona","type":"Province"},{"code":"IT-AO","name":"Aosta","type":"Province"},{"code":"IT-AP","name":"Ascoli Piceno","type":"Province"},{"code":"IT-AQ","name":"L'Aquila","type":"Province"},{"code":"IT-AR","name":"Arezzo","type":"Province"},{"code":"IT-AT","name":"Asti","type":"Province"},{"code":"IT-AV","name":"Avellino","type":"Province"},{"code":"IT-BA","name":"Bari","type":"Province"},{"code":"IT-BG","name":"Bergamo","type":"Province"},{"code":"IT-BI","name":"Biella","type":"Province"},{"code":"IT-BL","name":"Belluno","type":"Province"},{"code":"IT-BN","name":"Benevento","type":"Province"},{"code":"IT-BO","name":"Bologna","type":"Province"},{"code":"IT-BR","name":"Brindisi","type":"Province"},{"code":"IT-BS","name":"Brescia","type":"Province"},{"code":"IT-BT","name":"Barletta-Andria-Trani","type":"Province"},{"code":"IT-BZ","name":"Bolzano","type":"Province"},{"code":"IT-CA","name":"Cagliari","type":"Province"},{"code":"IT-CB","name":"Campobasso","type":"Province"},{"code":"IT-CE","name":"Caserta","type":"Province"},{"code":"IT-CH","name":"Chieti","type":"Province"},{"code":"IT-CI","name":"Carbonia-Iglesias","type":"Province"},{"code":"IT-CL","name":"Caltanissetta","type":"Province"},{"code":"IT-CN","name":"Cuneo","type":"Province"},{"code":"IT-CO","name":"Como","type":"Province"},{"code":"IT-CR","name":"Cremona","type":"Province"},{"code":"IT-CS","name":"Cosenza","type":"Province"},{"code":"IT-CT","name":"Catania","type":"Province"},{"code":"IT-CZ","name":"Catanzaro","type":"Province"},{"code":"IT-EN","name":"Enna","type":"Province"},{"code":"IT-FC","name":"Forl\u00ec-Cesena","type":"Province"},{"code":"IT-FE","name":"Ferrara","type":"Province"},{"code":"IT-FG","name":"Foggia","type":"Province"},{"code":"IT-FI","name":"Firenze","type":"Province"},{"code":"IT-FM","name":"Fermo","type":"Province"},{"code":"IT-FR","name":"Frosinone","type":"Province"},{"code":"IT-GE","name":"Genova","type":"Province"},{"code":"IT-GO","name":"Gorizia","type":"Province"},{"code":"IT-GR","name":"Grosseto","type":"Province"},{"code":"IT-IM","name":"Imperia","type":"Province"},{"code":"IT-IS","name":"Isernia","type":"Province"},{"code":"IT-KR","name":"Crotone","type":"Province"},{"code":"IT-LC","name":"Lecco","type":"Province"},{"code":"IT-LE","name":"Lecce","type":"Province"},{"code":"IT-LI","name":"Livorno","type":"Province"},{"code":"IT-LO","name":"Lodi","type":"Province"},{"code":"IT-LT","name":"Latina","type":"Province"},{"code":"IT-LU","name":"Lucca","type":"Province"},{"code":"IT-MB","name":"Monza e Brianza","type":"Province"},{"code":"IT-MC","name":"Macerata","type":"Province"},{"code":"IT-ME","name":"Messina","type":"Province"},{"code":"IT-MI","name":"Milano","type":"Province"},{"code":"IT-MN","name":"Mantova","type":"Province"},{"code":"IT-MO","name":"Modena","type":"Province"},{"code":"IT-MS","name":"Massa-Carrara","type":"Province"},{"code":"IT-MT","name":"Matera","type":"Province"},{"code":"IT-NA","name":"Napoli","type":"Province"},{"code":"IT-NO","name":"Novara","type":"Province"},{"code":"IT-NU","name":"Nuoro","type":"Province"},{"code":"IT-OG","name":"Ogliastra","type":"Province"},{"code":"IT-OR","name":"Oristano","type":"Province"},{"code":"IT-OT","name":"Olbia-Tempio","type":"Province"},{"code":"IT-PA","name":"Palermo","type":"Province"},{"code":"IT-PC","name":"Piacenza","type":"Province"},{"code":"IT-PD","name":"Padova","type":"Province"},{"code":"IT-PE","name":"Pescara","type":"Province"},{"code":"IT-PG","name":"Perugia","type":"Province"},{"code":"IT-PI","name":"Pisa","type":"Province"},{"code":"IT-PN","name":"Pordenone","type":"Province"},{"code":"IT-PO","name":"Prato","type":"Province"},{"code":"IT-PR","name":"Parma","type":"Province"},{"code":"IT-PT","name":"Pistoia","type":"Province"},{"code":"IT-PU","name":"Pesaro e Urbino","type":"Province"},{"code":"IT-PV","name":"Pavia","type":"Province"},{"code":"IT-PZ","name":"Potenza","type":"Province"},{"code":"IT-RA","name":"Ravenna","type":"Province"},{"code":"IT-RC","name":"Reggio Calabria","type":"Province"},{"code":"IT-RE","name":"Reggio Emilia","type":"Province"},{"code":"IT-RG","name":"Ragusa","type":"Province"},{"code":"IT-RI","name":"Rieti","type":"Province"},{"code":"IT-RM","name":"Roma","type":"Province"},{"code":"IT-RN","name":"Rimini","type":"Province"},{"code":"IT-RO","name":"Rovigo","type":"Province"},{"code":"IT-SA","name":"Salerno","type":"Province"},{"code":"IT-SI","name":"Siena","type":"Province"},{"code":"IT-SO","name":"Sondrio","type":"Province"},{"code":"IT-SP","name":"La Spezia","type":"Province"},{"code":"IT-SR","name":"Siracusa","type":"Province"},{"code":"IT-SS","name":"Sassari","type":"Province"},{"code":"IT-SV","name":"Savona","type":"Province"},{"code":"IT-TA","name":"Taranto","type":"Province"},{"code":"IT-TE","name":"Teramo","type":"Province"},{"code":"IT-TN","name":"Trento","type":"Province"},{"code":"IT-TO","name":"Torino","type":"Province"},{"code":"IT-TP","name":"Trapani","type":"Province"},{"code":"IT-TR","name":"Terni","type":"Province"},{"code":"IT-TS","name":"Trieste","type":"Province"},{"code":"IT-TV","name":"Treviso","type":"Province"},{"code":"IT-UD","name":"Udine","type":"Province"},{"code":"IT-VA","name":"Varese","type":"Province"},{"code":"IT-VB","name":"Verbano-Cusio-Ossola","type":"Province"},{"code":"IT-VC","name":"Vercelli","type":"Province"},{"code":"IT-VE","name":"Venezia","type":"Province"},{"code":"IT-VI","name":"Vicenza","type":"Province"},{"code":"IT-VR","name":"Verona","type":"Province"},{"code":"IT-VS","name":"Medio Campidano","type":"Province"},{"code":"IT-VT","name":"Viterbo","type":"Province"},{"code":"IT-VV","name":"Vibo Valentia","type":"Province"}]