[{"code":"LV-001","name":"Aglonas novads","type":"Municipality"},{"code":"LV-002","name":"Aizkraukles novads","type":"Municipality"},{"code":"LV-003","name":"Aizputes novads","type":"Municipality"},{"code":"LV-004","name":"Akn\u012bstes novads","type":"Municipality"},{"code":"LV-005","name":"Alojas novads","type":"Municipality"},{"code":"LV-006","name":"Alsungas novads","type":"Municipality"},{"code":"LV-007","name":"Al\u016bksnes novads","type":"Municipality"},{"code":"LV-008","name":"Amatas novads","type":"Municipality"},{"code":"LV-009","name":"Apes novads","type":"Municipality"},{"code":"LV-010","name":"Auces novads","type":"Municipality"},{"code":"LV-011","name":"\u0100da\u017eu novads","type":"Municipality"},{"code":"LV-012","name":"Bab\u012btes novads","type":"Municipality"},{"code":"LV-013","name":"Baldones novads","type":"Municipality"},{"code":"LV-014","name":"Baltinavas novads","type":"Municipality"},{"code":"LV-015","name":"Balvu novads","type":"Municipality"},{"code":"LV-016","name":"Bauskas novads","type":"Municipality"},{"code":"LV-017","name":"Bever\u012bnas novads","type":"Municipality"},{"code":"LV-018","name":"Broc\u0113nu novads","type":"Municipality"},{"code":"LV-019","name":"Burtnieku novads","type":"Municipality"},{"code":"LV-020","name":"Carnikavas novads","type":"Municipality"},{"code":"LV-021","name":"Cesvaines novads","type":"Municipality"},{"code":"LV-022","name":"C\u0113su novads","type":"Municipality"},{"code":"LV-023","name":"Ciblas novads","type":"Municipality"},{"code":"LV-024","name":"Dagdas novads","type":"Municipality"},{"code":"LV-025","name":"Daugavpils novads","type":"Municipality"},{"code":"LV-026","name":"Dobeles novads","type":"Municipality"},{"code":"LV-027","name":"Dundagas novads","type":"Municipality"},{"code":"LV-028","name":"Durbes novads","type":"Municipality"},{"code":"LV-029","name":"Engures novads","type":"Municipality"},{"code":"LV-030","name":"\u0112rg\u013cu novads","type":"Municipality"},{"code":"LV-031","name":"Garkalnes novads","type":"Municipality"},{"code":"LV-032","name":"Grobi\u0146as novads","type":"Municipality"},{"code":"LV-033","name":"Gulbenes novads","type":"Municipality"},{"code":"LV-034","name":"Iecavas novads","type":"Municipality"},{"code":"LV-035","name":"Ik\u0161\u0137iles novads","type":"Municipality"},{"code":"LV-036","name":"Il\u016bkstes novads","type":"Municipality"},{"code":"LV-037","name":"In\u010dukalna novads","type":"Municipality"},{"code":"LV-038","name":"Jaunjelgavas novads","type":"Municipality"},{"code":"LV-039","name":"Jaunpiebalgas novads","type":"Municipality"},{"code":"LV-040","name":"Jaunpils novads","type":"Municipality"},{"code":"LV-041","name":"Jelgavas novads","type":"Municipality"},{"code":"LV-042","name":"J\u0113kabpils novads","type":"Municipality"},{"code":"LV-043","name":"Kandavas novads","type":"Municipality"},{"code":"LV-044","name":"K\u0101rsavas novads","type":"Municipality"},{"code":"LV-045","name":"Koc\u0113nu novads","type":"Municipality"},{"code":"LV-046","name":"Kokneses novads","type":"Municipality"},{"code":"LV-047","name":"Kr\u0101slavas novads","type":"Municipality"},{"code":"LV-048","name":"Krimuldas novads","type":"Municipality"},{"code":"LV-049","name":"Krustpils novads","type":"Municipality"},{"code":"LV-050","name":"Kuld\u012bgas novads","type":"Municipality"},{"code":"LV-051","name":"\u0136eguma novads","type":"Municipality"},{"code":"LV-052","name":"\u0136ekavas novads","type":"Municipality"},{"code":"LV-053","name":"Lielv\u0101rdes novads","type":"Municipality"},{"code":"LV-054","name":"Limba\u017eu novads","type":"Municipality"},{"code":"LV-055","name":"L\u012bgatnes novads","type":"Municipality"},{"code":"LV-056","name":"L\u012bv\u0101nu novads","type":"Municipality"},{"code":"LV-057","name":"Lub\u0101nas novads","type":"Municipality"},{"code":"LV-058","name":"Ludzas novads","type":"Municipality"},{"code":"LV-059","name":"Madonas novads","type":"Municipality"},{"code":"LV-060","name":"Mazsalacas novads","type":"Municipality"},{"code":"LV-061","name":"M\u0101lpils novads","type":"Municipality"},{"code":"LV-062","name":"M\u0101rupes novads","type":"Municipality"},{"code":"LV-063","name":"M\u0113rsraga novads","type":"Municipality"},{"code":"LV-064","name":"Nauk\u0161\u0113nu novads","type":"Municipality"},{"code":"LV-065","name":"Neretas novads","type":"Municipality"},{"code":"LV-066","name":"N\u012bcas novads","type":"Municipality"},{"code":"LV-067","name":"Ogres novads","type":"Municipality"},{"code":"LV-068","name":"Olaines novads","type":"Municipality"},{"code":"LV-069","name":"Ozolnieku novads","type":"Municipality"},{"code":"LV-070","name":"P\u0101rgaujas novads","type":"Municipality"},{"code":"LV-071","name":"P\u0101vilostas novads","type":"Municipality"},{"code":"LV-072","name":"P\u013cavi\u0146u novads","type":"Municipality"},{"code":"LV-073","name":"Prei\u013cu novads","type":"Municipality"},{"code":"LV-074","name":"Priekules novads","type":"Municipality"},{"code":"LV-075","name":"Prieku\u013cu novads","type":"Municipality"},{"code":"LV-076","name":"Raunas novads","type":"Municipality"},{"code":"LV-077","name":"R\u0113zeknes novads","type":"Municipality"},{"code":"LV-078","name":"Riebi\u0146u novads","type":"Municipality"},{"code":"LV-079","name":"Rojas novads","type":"Municipality"},{"code":"LV-080","name":"Ropa\u017eu novads","type":"Municipality"},{"code":"LV-081","name":"Rucavas novads","type":"Municipality"},{"code":"LV-082","name":"Rug\u0101ju novads","type":"Municipality"},{"code":"LV-083","name":"Rund\u0101les novads","type":"Municipality"},{"code":"LV-084","name":"R\u016bjienas novads","type":"Municipality"},{"code":"LV-085","name":"Salas novads","type":"Municipality"},{"code":"LV-086","name":"Salacgr\u012bvas novads","type":"Municipality"},{"code":"LV-087","name":"Salaspils novads","type":"Municipality"},{"code":"LV-088","name":"Saldus novads","type":"Municipality"},{"code":"LV-089","name":"Saulkrastu novads","type":"Municipality"},{"code":"LV-090","name":"S\u0113jas novads","type":"Municipality"},{"code":"LV-091","name":"Siguldas novads","type":"Municipality"},{"code":"LV-092","name":"Skr\u012bveru novads","type":"Municipality"},{"code":"LV-093","name":"Skrundas novads","type":"Municipality"},{"code":"LV-094","name":"Smiltenes novads","type":"Municipality"},{"code":"LV-095","name":"Stopi\u0146u novads","type":"Municipality"},{"code":"LV-096","name":"Stren\u010du novads","type":"Municipality"},{"code":"LV-097","name":"Talsu novads","type":"Municipality"},{"code":"LV-098","name":"T\u0113rvetes novads","type":"Municipality"},{"code":"LV-099","name":"Tukuma novads","type":"Municipality"},{"code":"LV-100","name":"Vai\u0146odes novads","type":"Municipality"},{"code":"LV-101","name":"Valkas novads","type":"Municipality"},{"code":"LV-102","name":"Varak\u013c\u0101nu novads","type":"Municipality"},{"code":"LV-103","name":"V\u0101rkavas novads","type":"Municipality"},{"code":"LV-104","name":"Vecpiebalgas novads","type":"Municipality"},{"code":"LV-105","name":"Vecumnieku novads","type":"Municipality"},{"code":"LV-106","name":"Ventspils novads","type":"Municipality"},{"code":"LV-107","name":"Vies\u012btes novads","type":"Municipality"},{"code":"LV-108","name":"Vi\u013cakas novads","type":"Municipality"},{"code":"LV-109","name":"Vi\u013c\u0101nu novads","type":"Municipality"},{"code":"LV-110","name":"Zilupes novads","type":"Municipality"},{"code":"LV-DGV","name":"Daugavpils","type":"Republican City"},{"code":"LV-JEL","name":"Jelgava","type":"Republican City"},{"code":"LV-JKB","name":"J\u0113kabpils","type":"Republican City"},{"code":"LV-JUR","name":"J\u016brmala","type":"Republican City"},{"code":"LV-LPX","name":"Liep\u0101ja","type":"Republican City"},{"code":"LV-REZ","name":"R\u0113zekne","type":"Republican City"},{"code":"LV-RIX","name":"R\u012bga","type":"Republican City"},{"code":"LV-VEN","name":"Ventspils","type":"Republican City"},{"code":"LV-VMR","name":"Valmiera","type":"Republican City"}]