[{"code":"MD-AN","name":"Anenii Noi","type":"District"},{"code":"MD-BA","name":"B\u0103l\u021bi","type":"City"},{"code":"MD-BD","name":"Tighina","type":"City"},{"code":"MD-BR","name":"Briceni","type":"District"},{"code":"MD-BS","name":"Basarabeasca","type":"District"},{"code":"MD-CA","name":"Cahul","type":"District"},{"code":"MD-CL","name":"C\u0103l\u0103ra\u0219i","type":"District"},{"code":"MD-CM","name":"Cimi\u0219lia","type":"District"},{"code":"MD-CR","name":"Criuleni","type":"District"},{"code":"MD-CS","name":"C\u0103u\u0219eni","type":"District"},{"code":"MD-CT","name":"Cantemir","type":"District"},{"code":"MD-CU","name":"Chi\u0219in\u0103u","type":"City"},{"code":"MD-DO","name":"Dondu\u0219eni","type":"District"},{"code":"MD-DR","name":"Drochia","type":"District"},{"code":"MD-DU","name":"Dub\u0103sari","type":"District"},{"code":"MD-ED","name":"Edine\u021b","type":"District"},{"code":"MD-FA","name":"F\u0103le\u0219ti","type":"District"},{"code":"MD-FL","name":"Flore\u0219ti","type":"District"},{"code":"MD-GA","name":"G\u0103g\u0103uzia, Unitatea teritorial\u0103 autonom\u0103","type":"Autonomous territorial unit"},{"code":"MD-GL","name":"Glodeni","type":"District"},{"code":"MD-HI","name":"H\u00eence\u0219ti","type":"District"},{"code":"MD-IA","name":"Ialoveni","type":"District"},{"code":"MD-LE","name":"Leova","type":"District"},{"code":"MD-NI","name":"Nisporeni","type":"District"},{"code":"MD-OC","name":"Ocni\u021ba","type":"District"},{"code":"MD-OR","name":"Orhei","type":"District"},{"code":"MD-RE","name":"Rezina","type":"District"},{"code":"MD-RI","name":"R\u00ee\u0219cani","type":"District"},{"code":"MD-SD","name":"\u0218old\u0103ne\u0219ti","type":"District"},{"code":"MD-SI","name":"S\u00eengerei","type":"District"},{"code":"MD-SN","name":"St\u00eenga Nistrului, unitatea teritorial\u0103 din","type":"Territorial unit"},{"code":"MD-SO","name":"Soroca","type":"District"},{"code":"MD-ST","name":"Str\u0103\u0219eni","type":"District"},{"code":"MD-SV","name":"\u0218tefan Vod\u0103","type":"District"},{"code":"MD-TA","name":"Taraclia","type":"District"},{"code":"MD-TE","name":"Telene\u0219ti","type":"District"},{"code":"MD-UN","name":"Ungheni","type":"District"}]