[{"code":"MZ-A","name":"Niassa","type":"Province"},{"code":"MZ-B","name":"Manica","type":"Province"},{"code":"MZ-G","name":"Gaza","type":"Province"},{"code":"MZ-I","name":"Inhambane","type":"Province"},{"code":"MZ-L","name":"Maputo","type":"Province"},{"code":"MZ-MPM","name":"Maputo (city)","type":"City"},{"code":"MZ-N","name":"Numpula","type":"Province"},{"code":"MZ-P","name":"Cabo Delgado","type":"Province"},{"code":"MZ-Q","name":"Zambezia","type":"Province"},{"code":"MZ-S","name":"Sofala","type":"Province"},{"code":"MZ-T","name":"Tete","type":"Province"}]