[{"code":"NI-AN","name":"Atl\u00e1ntico Norte","type":"Autonomous Region"},{"code":"NI-AS","name":"Atl\u00e1ntico Sur","type":"Autonomous Region"},{"code":"NI-BO","name":"Boaco","type":"Department"},{"code":"NI-CA","name":"Carazo","type":"Department"},{"code":"NI-CI","name":"Chinandega","type":"Department"},{"code":"NI-CO","name":"Chontales","type":"Department"},{"code":"NI-ES","name":"Estel\u00ed","type":"Department"},{"code":"NI-GR","name":"Granada","type":"Department"},{"code":"NI-JI","name":"Jinotega","type":"Department"},{"code":"NI-LE","name":"Le\u00f3n","type":"Department"},{"code":"NI-MD","name":"Madriz","type":"Department"},{"code":"NI-MN","name":"Managua","type":"Department"},{"code":"NI-MS","name":"Masaya","type":"Department"},{"code":"NI-MT","name":"Matagalpa","type":"Department"},{"code":"NI-NS","name":"Nueva Segovia","type":"Department"},{"code":"NI-RI","name":"Rivas","type":"Department"},{"code":"NI-SJ","name":"R\u00edo San Juan","type":"Department"}]