[{"code":"NO-01","name":"\u00d8stfold","type":"County"},{"code":"NO-02","name":"Akershus","type":"County"},{"code":"NO-03","name":"Oslo","type":"County"},{"code":"NO-04","name":"Hedmark","type":"County"},{"code":"NO-05","name":"Oppland","type":"County"},{"code":"NO-06","name":"Buskerud","type":"County"},{"code":"NO-07","name":"Vestfold","type":"County"},{"code":"NO-08","name":"Telemark","type":"County"},{"code":"NO-09","name":"Aust-Agder","type":"County"},{"code":"NO-10","name":"Vest-Agder","type":"County"},{"code":"NO-11","name":"Rogaland","type":"County"},{"code":"NO-12","name":"Hordaland","type":"County"},{"code":"NO-14","name":"Sogn og Fjordane","type":"County"},{"code":"NO-15","name":"M\u00f8re og Romsdal","type":"County"},{"code":"NO-16","name":"S\u00f8r-Tr\u00f8ndelag","type":"County"},{"code":"NO-17","name":"Nord-Tr\u00f8ndelag","type":"County"},{"code":"NO-18","name":"Nordland","type":"County"},{"code":"NO-19","name":"Troms","type":"County"},{"code":"NO-20","name":"Finnmark","type":"County"},{"code":"NO-21","name":"Svalbard (Arctic Region)","type":"Arctic Region"},{"code":"NO-22","name":"Jan Mayen (Arctic Region)","type":"Arctic Region"}]