[{"code":"PH-00","name":"National Capital Region","type":"Region"},{"code":"PH-01","name":"Ilocos (Region I)","type":"Region"},{"code":"PH-02","name":"Cagayan Valley (Region II)","type":"Region"},{"code":"PH-03","name":"Central Luzon (Region III)","type":"Region"},{"code":"PH-05","name":"Bicol (Region V)","type":"Region"},{"code":"PH-06","name":"Western Visayas (Region VI)","type":"Region"},{"code":"PH-07","name":"Central Visayas (Region VII)","type":"Region"},{"code":"PH-08","name":"Eastern Visayas (Region VIII)","type":"Region"},{"code":"PH-09","name":"Zamboanga Peninsula (Region IX)","type":"Region"},{"code":"PH-10","name":"Northern Mindanao (Region X)","type":"Region"},{"code":"PH-11","name":"Davao (Region XI)","type":"Region"},{"code":"PH-12","name":"Soccsksargen (Region XII)","type":"Region"},{"code":"PH-13","name":"Caraga (Region XIII)","type":"Region"},{"code":"PH-14","name":"Autonomous Region in Muslim Mindanao (ARMM)","type":"Region"},{"code":"PH-15","name":"Cordillera Administrative Region (CAR)","type":"Region"},{"code":"PH-40","name":"CALABARZON (Region IV-A)","type":"Region"},{"code":"PH-41","name":"MIMAROPA (Region IV-B)","type":"Region"},{"code":"PH-ABR","name":"Abra","type":"Province"},{"code":"PH-AGN","name":"Agusan del Norte","type":"Province"},{"code":"PH-AGS","name":"Agusan del Sur","type":"Province"},{"code":"PH-AKL","name":"Aklan","type":"Province"},{"code":"PH-ALB","name":"Albay","type":"Province"},{"code":"PH-ANT","name":"Antique","type":"Province"},{"code":"PH-APA","name":"Apayao","type":"Province"},{"code":"PH-AUR","name":"Aurora","type":"Province"},{"code":"PH-BAN","name":"Batasn","type":"Province"},{"code":"PH-BAS","name":"Basilan","type":"Province"},{"code":"PH-BEN","name":"Benguet","type":"Province"},{"code":"PH-BIL","name":"Biliran","type":"Province"},{"code":"PH-BOH","name":"Bohol","type":"Province"},{"code":"PH-BTG","name":"Batangas","type":"Province"},{"code":"PH-BTN","name":"Batanes","type":"Province"},{"code":"PH-BUK","name":"Bukidnon","type":"Province"},{"code":"PH-BUL","name":"Bulacan","type":"Province"},{"code":"PH-CAG","name":"Cagayan","type":"Province"},{"code":"PH-CAM","name":"Camiguin","type":"Province"},{"code":"PH-CAN","name":"Camarines Norte","type":"Province"},{"code":"PH-CAP","name":"Capiz","type":"Province"},{"code":"PH-CAS","name":"Camarines Sur","type":"Province"},{"code":"PH-CAT","name":"Catanduanes","type":"Province"},{"code":"PH-CAV","name":"Cavite","type":"Province"},{"code":"PH-CEB","name":"Cebu","type":"Province"},{"code":"PH-COM","name":"Compostela Valley","type":"Province"},{"code":"PH-DAO","name":"Davao Oriental","type":"Province"},{"code":"PH-DAS","name":"Davao del Sur","type":"Province"},{"code":"PH-DAV","name":"Davao del Norte","type":"Province"},{"code":"PH-DIN","name":"Dinagat Islands","type":"Province"},{"code":"PH-EAS","name":"Eastern Samar","type":"Province"},{"code":"PH-GUI","name":"Guimaras","type":"Province"},{"code":"PH-IFU","name":"Ifugao","type":"Province"},{"code":"PH-ILI","name":"Iloilo","type":"Province"},{"code":"PH-ILN","name":"Ilocos Norte","type":"Province"},{"code":"PH-ILS","name":"Ilocos Sur","type":"Province"},{"code":"PH-ISA","name":"Isabela","type":"Province"},{"code":"PH-KAL","name":"Kalinga-Apayso","type":"Province"},{"code":"PH-LAG","name":"Laguna","type":"Province"},{"code":"PH-LAN","name":"Lanao del Norte","type":"Province"},{"code":"PH-LAS","name":"Lanao del Sur","type":"Province"},{"code":"PH-LEY","name":"Leyte","type":"Province"},{"code":"PH-LUN","name":"La Union","type":"Province"},{"code":"PH-MAD","name":"Marinduque","type":"Province"},{"code":"PH-MAG","name":"Maguindanao","type":"Province"},{"code":"PH-MAS","name":"Masbate","type":"Province"},{"code":"PH-MDC","name":"Mindoro Occidental","type":"Province"},{"code":"PH-MDR","name":"Mindoro Oriental","type":"Province"},{"code":"PH-MOU","name":"Mountain Province","type":"Province"},{"code":"PH-MSC","name":"Misamis Occidental","type":"Province"},{"code":"PH-MSR","name":"Misamis Oriental","type":"Province"},{"code":"PH-NCO","name":"North Cotabato","type":"Province"},{"code":"PH-NEC","name":"Negros Occidental","type":"Province"},{"code":"PH-NER","name":"Negros Oriental","type":"Province"},{"code":"PH-NSA","name":"Northern Samar","type":"Province"},{"code":"PH-NUE","name":"Nueva Ecija","type":"Province"},{"code":"PH-NUV","name":"Nueva Vizcaya","type":"Province"},{"code":"PH-PAM","name":"Pampanga","type":"Province"},{"code":"PH-PAN","name":"Pangasinan","type":"Province"},{"code":"PH-PLW","name":"Palawan","type":"Province"},{"code":"PH-QUE","name":"Quezon","type":"Province"},{"code":"PH-QUI","name":"Quirino","type":"Province"},{"code":"PH-RIZ","name":"Rizal","type":"Province"},{"code":"PH-ROM","name":"Romblon","type":"Province"},{"code":"PH-SAR","name":"Sarangani","type":"Province"},{"code":"PH-SCO","name":"South Cotabato","type":"Province"},{"code":"PH-SIG","name":"Siquijor","type":"Province"},{"code":"PH-SLE","name":"Southern Leyte","type":"Province"},{"code":"PH-SLU","name":"Sulu","type":"Province"},{"code":"PH-SOR","name":"Sorsogon","type":"Province"},{"code":"PH-SUK","name":"Sultan Kudarat","type":"Province"},{"code":"PH-SUN","name":"Surigao del Norte","type":"Province"},{"code":"PH-SUR","name":"Surigao del Sur","type":"Province"},{"code":"PH-TAR","name":"Tarlac","type":"Province"},{"code":"PH-TAW","name":"Tawi-Tawi","type":"Province"},{"code":"PH-WSA","name":"Western Samar","type":"Province"},{"code":"PH-ZAN","name":"Zamboanga del Norte","type":"Province"},{"code":"PH-ZAS","name":"Zamboanga del Sur","type":"Province"},{"code":"PH-ZMB","name":"Zambales","type":"Province"},{"code":"PH-ZSI","name":"Zamboanga Sibugay","type":"Province"}]