[{"code":"SI-001","name":"Ajdov\u0161\u010dina","type":"Municipality"},{"code":"SI-002","name":"Beltinci","type":"Municipality"},{"code":"SI-003","name":"Bled","type":"Municipality"},{"code":"SI-004","name":"Bohinj","type":"Municipality"},{"code":"SI-005","name":"Borovnica","type":"Municipality"},{"code":"SI-006","name":"Bovec","type":"Municipality"},{"code":"SI-007","name":"Brda","type":"Municipality"},{"code":"SI-008","name":"Brezovica","type":"Municipality"},{"code":"SI-009","name":"Bre\u017eice","type":"Municipality"},{"code":"SI-010","name":"Ti\u0161ina","type":"Municipality"},{"code":"SI-011","name":"Celje","type":"Municipality"},{"code":"SI-012","name":"Cerklje na Gorenjskem","type":"Municipality"},{"code":"SI-013","name":"Cerknica","type":"Municipality"},{"code":"SI-014","name":"Cerkno","type":"Municipality"},{"code":"SI-015","name":"\u010cren\u0161ovci","type":"Municipality"},{"code":"SI-016","name":"\u010crna na Koro\u0161kem","type":"Municipality"},{"code":"SI-017","name":"\u010crnomelj","type":"Municipality"},{"code":"SI-018","name":"Destrnik","type":"Municipality"},{"code":"SI-019","name":"Diva\u010da","type":"Municipality"},{"code":"SI-020","name":"Dobrepolje","type":"Municipality"},{"code":"SI-021","name":"Dobrova-Polhov Gradec","type":"Municipality"},{"code":"SI-022","name":"Dol pri Ljubljani","type":"Municipality"},{"code":"SI-023","name":"Dom\u017eale","type":"Municipality"},{"code":"SI-024","name":"Dornava","type":"Municipality"},{"code":"SI-025","name":"Dravograd","type":"Municipality"},{"code":"SI-026","name":"Duplek","type":"Municipality"},{"code":"SI-027","name":"Gorenja vas-Poljane","type":"Municipality"},{"code":"SI-028","name":"Gori\u0161nica","type":"Municipality"},{"code":"SI-029","name":"Gornja Radgona","type":"Municipality"},{"code":"SI-030","name":"Gornji Grad","type":"Municipality"},{"code":"SI-031","name":"Gornji Petrovci","type":"Municipality"},{"code":"SI-032","name":"Grosuplje","type":"Municipality"},{"code":"SI-033","name":"\u0160alovci","type":"Municipality"},{"code":"SI-034","name":"Hrastnik","type":"Municipality"},{"code":"SI-035","name":"Hrpelje-Kozina","type":"Municipality"},{"code":"SI-036","name":"Idrija","type":"Municipality"},{"code":"SI-037","name":"Ig","type":"Municipality"},{"code":"SI-038","name":"Ilirska Bistrica","type":"Municipality"},{"code":"SI-039","name":"Ivan\u010dna Gorica","type":"Municipality"},{"code":"SI-040","name":"Izola\/Isola","type":"Municipality"},{"code":"SI-041","name":"Jesenice","type":"Municipality"},{"code":"SI-042","name":"Jur\u0161inci","type":"Municipality"},{"code":"SI-043","name":"Kamnik","type":"Municipality"},{"code":"SI-044","name":"Kanal","type":"Municipality"},{"code":"SI-045","name":"Kidri\u010devo","type":"Municipality"},{"code":"SI-046","name":"Kobarid","type":"Municipality"},{"code":"SI-047","name":"Kobilje","type":"Municipality"},{"code":"SI-048","name":"Ko\u010devje","type":"Municipality"},{"code":"SI-049","name":"Komen","type":"Municipality"},{"code":"SI-050","name":"Koper\/Capodistria","type":"Municipality"},{"code":"SI-051","name":"Kozje","type":"Municipality"},{"code":"SI-052","name":"Kranj","type":"Municipality"},{"code":"SI-053","name":"Kranjska Gora","type":"Municipality"},{"code":"SI-054","name":"Kr\u0161ko","type":"Municipality"},{"code":"SI-055","name":"Kungota","type":"Municipality"},{"code":"SI-056","name":"Kuzma","type":"Municipality"},{"code":"SI-057","name":"La\u0161ko","type":"Municipality"},{"code":"SI-058","name":"Lenart","type":"Municipality"},{"code":"SI-059","name":"Lendava\/Lendva","type":"Municipality"},{"code":"SI-060","name":"Litija","type":"Municipality"},{"code":"SI-061","name":"Ljubljana","type":"Municipality"},{"code":"SI-062","name":"Ljubno","type":"Municipality"},{"code":"SI-063","name":"Ljutomer","type":"Municipality"},{"code":"SI-064","name":"Logatec","type":"Municipality"},{"code":"SI-065","name":"Lo\u0161ka dolina","type":"Municipality"},{"code":"SI-066","name":"Lo\u0161ki Potok","type":"Municipality"},{"code":"SI-067","name":"Lu\u010de","type":"Municipality"},{"code":"SI-068","name":"Lukovica","type":"Municipality"},{"code":"SI-069","name":"Maj\u0161perk","type":"Municipality"},{"code":"SI-070","name":"Maribor","type":"Municipality"},{"code":"SI-071","name":"Medvode","type":"Municipality"},{"code":"SI-072","name":"Menge\u0161","type":"Municipality"},{"code":"SI-073","name":"Metlika","type":"Municipality"},{"code":"SI-074","name":"Me\u017eica","type":"Municipality"},{"code":"SI-075","name":"Miren-Kostanjevica","type":"Municipality"},{"code":"SI-076","name":"Mislinja","type":"Municipality"},{"code":"SI-077","name":"Morav\u010de","type":"Municipality"},{"code":"SI-078","name":"Moravske Toplice","type":"Municipality"},{"code":"SI-079","name":"Mozirje","type":"Municipality"},{"code":"SI-080","name":"Murska Sobota","type":"Municipality"},{"code":"SI-081","name":"Muta","type":"Municipality"},{"code":"SI-082","name":"Naklo","type":"Municipality"},{"code":"SI-083","name":"Nazarje","type":"Municipality"},{"code":"SI-084","name":"Nova Gorica","type":"Municipality"},{"code":"SI-085","name":"Novo mesto","type":"Municipality"},{"code":"SI-086","name":"Odranci","type":"Municipality"},{"code":"SI-087","name":"Ormo\u017e","type":"Municipality"},{"code":"SI-088","name":"Osilnica","type":"Municipality"},{"code":"SI-089","name":"Pesnica","type":"Municipality"},{"code":"SI-090","name":"Piran\/Pirano","type":"Municipality"},{"code":"SI-091","name":"Pivka","type":"Municipality"},{"code":"SI-092","name":"Pod\u010detrtek","type":"Municipality"},{"code":"SI-093","name":"Podvelka","type":"Municipality"},{"code":"SI-094","name":"Postojna","type":"Municipality"},{"code":"SI-095","name":"Preddvor","type":"Municipality"},{"code":"SI-096","name":"Ptuj","type":"Municipality"},{"code":"SI-097","name":"Puconci","type":"Municipality"},{"code":"SI-098","name":"Ra\u010de-Fram","type":"Municipality"},{"code":"SI-099","name":"Rade\u010de","type":"Municipality"},{"code":"SI-100","name":"Radenci","type":"Municipality"},{"code":"SI-101","name":"Radlje ob Dravi","type":"Municipality"},{"code":"SI-102","name":"Radovljica","type":"Municipality"},{"code":"SI-103","name":"Ravne na Koro\u0161kem","type":"Municipality"},{"code":"SI-104","name":"Ribnica","type":"Municipality"},{"code":"SI-105","name":"Roga\u0161ovci","type":"Municipality"},{"code":"SI-106","name":"Roga\u0161ka Slatina","type":"Municipality"},{"code":"SI-107","name":"Rogatec","type":"Municipality"},{"code":"SI-108","name":"Ru\u0161e","type":"Municipality"},{"code":"SI-109","name":"Semi\u010d","type":"Municipality"},{"code":"SI-110","name":"Sevnica","type":"Municipality"},{"code":"SI-111","name":"Se\u017eana","type":"Municipality"},{"code":"SI-112","name":"Slovenj Gradec","type":"Municipality"},{"code":"SI-113","name":"Slovenska Bistrica","type":"Municipality"},{"code":"SI-114","name":"Slovenske Konjice","type":"Municipality"},{"code":"SI-115","name":"Star\u010de","type":"Municipality"},{"code":"SI-116","name":"Sveti Jurij","type":"Municipality"},{"code":"SI-117","name":"\u0160en\u010dur","type":"Municipality"},{"code":"SI-118","name":"\u0160entilj","type":"Municipality"},{"code":"SI-119","name":"\u0160entjernej","type":"Municipality"},{"code":"SI-120","name":"\u0160entjur","type":"Municipality"},{"code":"SI-121","name":"\u0160kocjan","type":"Municipality"},{"code":"SI-122","name":"\u0160kofja Loka","type":"Municipality"},{"code":"SI-123","name":"\u0160kofljica","type":"Municipality"},{"code":"SI-124","name":"\u0160marje pri Jel\u0161ah","type":"Municipality"},{"code":"SI-125","name":"\u0160martno ob Paki","type":"Municipality"},{"code":"SI-126","name":"\u0160o\u0161tanj","type":"Municipality"},{"code":"SI-127","name":"\u0160tore","type":"Municipality"},{"code":"SI-128","name":"Tolmin","type":"Municipality"},{"code":"SI-129","name":"Trbovlje","type":"Municipality"},{"code":"SI-130","name":"Trebnje","type":"Municipality"},{"code":"SI-131","name":"Tr\u017ei\u010d","type":"Municipality"},{"code":"SI-132","name":"Turni\u0161\u010de","type":"Municipality"},{"code":"SI-133","name":"Velenje","type":"Municipality"},{"code":"SI-134","name":"Velike La\u0161\u010de","type":"Municipality"},{"code":"SI-135","name":"Videm","type":"Municipality"},{"code":"SI-136","name":"Vipava","type":"Municipality"},{"code":"SI-137","name":"Vitanje","type":"Municipality"},{"code":"SI-138","name":"Vodice","type":"Municipality"},{"code":"SI-139","name":"Vojnik","type":"Municipality"},{"code":"SI-140","name":"Vrhnika","type":"Municipality"},{"code":"SI-141","name":"Vuzenica","type":"Municipality"},{"code":"SI-142","name":"Zagorje ob Savi","type":"Municipality"},{"code":"SI-143","name":"Zavr\u010d","type":"Municipality"},{"code":"SI-144","name":"Zre\u010de","type":"Municipality"},{"code":"SI-146","name":"\u017delezniki","type":"Municipality"},{"code":"SI-147","name":"\u017diri","type":"Municipality"},{"code":"SI-148","name":"Benedikt","type":"Municipality"},{"code":"SI-149","name":"Bistrica ob Sotli","type":"Municipality"},{"code":"SI-150","name":"Bloke","type":"Municipality"},{"code":"SI-151","name":"Braslov\u010de","type":"Municipality"},{"code":"SI-152","name":"Cankova","type":"Municipality"},{"code":"SI-153","name":"Cerkvenjak","type":"Municipality"},{"code":"SI-154","name":"Dobje","type":"Municipality"},{"code":"SI-155","name":"Dobrna","type":"Municipality"},{"code":"SI-156","name":"Dobrovnik\/Dobronak","type":"Municipality"},{"code":"SI-157","name":"Dolenjske Toplice","type":"Municipality"},{"code":"SI-158","name":"Grad","type":"Municipality"},{"code":"SI-159","name":"Hajdina","type":"Municipality"},{"code":"SI-160","name":"Ho\u010de-Slivnica","type":"Municipality"},{"code":"SI-161","name":"Hodo\u0161\/Hodos","type":"Municipality"},{"code":"SI-162","name":"Horjul","type":"Municipality"},{"code":"SI-163","name":"Jezersko","type":"Municipality"},{"code":"SI-164","name":"Komenda","type":"Municipality"},{"code":"SI-165","name":"Kostel","type":"Municipality"},{"code":"SI-166","name":"Kri\u017eevci","type":"Municipality"},{"code":"SI-167","name":"Lovrenc na Pohorju","type":"Municipality"},{"code":"SI-168","name":"Markovci","type":"Municipality"},{"code":"SI-169","name":"Miklav\u017e na Dravskem polju","type":"Municipality"},{"code":"SI-170","name":"Mirna Pe\u010d","type":"Municipality"},{"code":"SI-171","name":"Oplotnica","type":"Municipality"},{"code":"SI-172","name":"Podlehnik","type":"Municipality"},{"code":"SI-173","name":"Polzela","type":"Municipality"},{"code":"SI-174","name":"Prebold","type":"Municipality"},{"code":"SI-175","name":"Prevalje","type":"Municipality"},{"code":"SI-176","name":"Razkri\u017eje","type":"Municipality"},{"code":"SI-177","name":"Ribnica na Pohorju","type":"Municipality"},{"code":"SI-178","name":"Selnica ob Dravi","type":"Municipality"},{"code":"SI-179","name":"Sodra\u017eica","type":"Municipality"},{"code":"SI-180","name":"Sol\u010dava","type":"Municipality"},{"code":"SI-181","name":"Sveta Ana","type":"Municipality"},{"code":"SI-182","name":"Sveta Andra\u017e v Slovenskih Goricah","type":"Municipality"},{"code":"SI-183","name":"\u0160empeter-Vrtojba","type":"Municipality"},{"code":"SI-184","name":"Tabor","type":"Municipality"},{"code":"SI-185","name":"Trnovska vas","type":"Municipality"},{"code":"SI-186","name":"Trzin","type":"Municipality"},{"code":"SI-187","name":"Velika Polana","type":"Municipality"},{"code":"SI-188","name":"Ver\u017eej","type":"Municipality"},{"code":"SI-189","name":"Vransko","type":"Municipality"},{"code":"SI-190","name":"\u017dalec","type":"Municipality"},{"code":"SI-191","name":"\u017detale","type":"Municipality"},{"code":"SI-192","name":"\u017dirovnica","type":"Municipality"},{"code":"SI-193","name":"\u017du\u017eemberk","type":"Municipality"},{"code":"SI-194","name":"\u0160martno pri Litiji","type":"Municipality"},{"code":"SI-195","name":"Apa\u010de","type":"Municipality"},{"code":"SI-196","name":"Cirkulane","type":"Municipality"},{"code":"SI-197","name":"Kosanjevica na Krki","type":"Municipality"},{"code":"SI-198","name":"Makole","type":"Municipality"},{"code":"SI-199","name":"Mokronog-Trebelno","type":"Municipality"},{"code":"SI-200","name":"Polj\u010dane","type":"Municipality"},{"code":"SI-201","name":"Ren\u010de-Vogrsko","type":"Municipality"},{"code":"SI-202","name":"Sredi\u0161\u010de ob Dravi","type":"Municipality"},{"code":"SI-203","name":"Stra\u017ea","type":"Municipality"},{"code":"SI-204","name":"Sveta Trojica v Slovenskih Goricah","type":"Municipality"},{"code":"SI-205","name":"Sveti Toma\u017e","type":"Municipality"},{"code":"SI-206","name":"\u0160marjeske Topli\u010de","type":"Municipality"},{"code":"SI-207","name":"Gorje","type":"Municipality"},{"code":"SI-208","name":"Log-Dragomer","type":"Municipality"},{"code":"SI-209","name":"Re\u010dica ob Savinji","type":"Municipality"},{"code":"SI-210","name":"Sveti Jurij v Slovenskih Goricah","type":"Municipality"},{"code":"SI-211","name":"\u0160entrupert","type":"Municipality"}]