[{"code":"VN-01","name":"Lai Ch\u00e2u","type":"Province"},{"code":"VN-02","name":"L\u00e0o Cai","type":"Province"},{"code":"VN-03","name":"H\u00e0 Giang","type":"Province"},{"code":"VN-04","name":"Cao B\u1eb1ng","type":"Province"},{"code":"VN-05","name":"S\u01a1n La","type":"Province"},{"code":"VN-06","name":"Y\u00ean B\u00e1i","type":"Province"},{"code":"VN-07","name":"Tuy\u00ean Quang","type":"Province"},{"code":"VN-09","name":"L\u1ea1ng S\u01a1n","type":"Province"},{"code":"VN-13","name":"Qu\u1ea3ng Ninh","type":"Province"},{"code":"VN-14","name":"Ho\u00e0 B\u00ecnh","type":"Province"},{"code":"VN-15","name":"H\u00e0 T\u00e2y","type":"Province"},{"code":"VN-18","name":"Ninh B\u00ecnh","type":"Province"},{"code":"VN-20","name":"Th\u00e1i B\u00ecnh","type":"Province"},{"code":"VN-21","name":"Thanh H\u00f3a","type":"Province"},{"code":"VN-22","name":"Ngh\u1ec7 An","type":"Province"},{"code":"VN-23","name":"H\u00e0 T\u1ec9nh","type":"Province"},{"code":"VN-24","name":"Qu\u1ea3ng B\u00ecnh","type":"Province"},{"code":"VN-25","name":"Qu\u1ea3ng Tr\u1ecb","type":"Province"},{"code":"VN-26","name":"Th\u1eeba Thi\u00ean-Hu\u1ebf","type":"Province"},{"code":"VN-27","name":"Qu\u1ea3ng Nam","type":"Province"},{"code":"VN-28","name":"Kon Tum","type":"Province"},{"code":"VN-29","name":"Qu\u1ea3ng Ng\u00e3i","type":"Province"},{"code":"VN-30","name":"Gia Lai","type":"Province"},{"code":"VN-31","name":"B\u00ecnh \u0110\u1ecbnh","type":"Province"},{"code":"VN-32","name":"Ph\u00fa Y\u00ean","type":"Province"},{"code":"VN-33","name":"\u0110\u1eafc L\u1eafk","type":"Province"},{"code":"VN-34","name":"Kh\u00e1nh H\u00f2a","type":"Province"},{"code":"VN-35","name":"L\u00e2m \u0110\u1ed3ng","type":"Province"},{"code":"VN-36","name":"Ninh Thu\u1eadn","type":"Province"},{"code":"VN-37","name":"T\u00e2y Ninh","type":"Province"},{"code":"VN-39","name":"\u0110\u1ed3ng Nai","type":"Province"},{"code":"VN-40","name":"B\u00ecnh Thu\u1eadn","type":"Province"},{"code":"VN-41","name":"Long An","type":"Province"},{"code":"VN-43","name":"B\u00e0 R\u1ecba-V\u0169ng T\u00e0u","type":"Province"},{"code":"VN-44","name":"An Giang","type":"Province"},{"code":"VN-45","name":"\u0110\u1ed3ng Th\u00e1p","type":"Province"},{"code":"VN-46","name":"Ti\u1ec1n Giang","type":"Province"},{"code":"VN-47","name":"Ki\u00ean Giang","type":"Province"},{"code":"VN-49","name":"V\u0129nh Long","type":"Province"},{"code":"VN-50","name":"B\u1ebfn Tre","type":"Province"},{"code":"VN-51","name":"Tr\u00e0 Vinh","type":"Province"},{"code":"VN-52","name":"S\u00f3c Tr\u0103ng","type":"Province"},{"code":"VN-53","name":"B\u1eafc K\u1ea1n","type":"Province"},{"code":"VN-54","name":"B\u1eafc Giang","type":"Province"},{"code":"VN-55","name":"B\u1ea1c Li\u00eau","type":"Province"},{"code":"VN-56","name":"B\u1eafc Ninh","type":"Province"},{"code":"VN-57","name":"B\u00ecnh D\u01b0\u01a1ng","type":"Province"},{"code":"VN-58","name":"B\u00ecnh Ph\u01b0\u1edbc","type":"Province"},{"code":"VN-59","name":"C\u00e0 Mau","type":"Province"},{"code":"VN-61","name":"H\u1ea3i Duong","type":"Province"},{"code":"VN-63","name":"H\u00e0 Nam","type":"Province"},{"code":"VN-66","name":"H\u01b0ng Y\u00ean","type":"Province"},{"code":"VN-67","name":"Nam \u0110\u1ecbnh","type":"Province"},{"code":"VN-68","name":"Ph\u00fa Th\u1ecd","type":"Province"},{"code":"VN-69","name":"Th\u00e1i Nguy\u00ean","type":"Province"},{"code":"VN-70","name":"V\u0129nh Ph\u00fac","type":"Province"},{"code":"VN-71","name":"\u0110i\u1ec7n Bi\u00ean","type":"Province"},{"code":"VN-72","name":"\u0110\u1eafk N\u00f4ng","type":"Province"},{"code":"VN-73","name":"H\u1eadu Giang","type":"Province"},{"code":"VN-CT","name":"C\u1ea7n Th\u01a1","type":"Municipality"},{"code":"VN-DN","name":"\u0110\u00e0 N\u1eb5ng","type":"Municipality"},{"code":"VN-HN","name":"H\u00e0 N\u1ed9i","type":"Municipality"},{"code":"VN-HP","name":"H\u1ea3i Ph\u00f2ng","type":"Municipality"},{"code":"VN-SG","name":"H\u1ed3 Ch\u00ed Minh [S\u00e0i G\u00f2n]","type":"Municipality"}]